Customer_ID,Age,Income,Education,Marital_Status,Kidhome,Teenhome,Total_Orders,Average_Order_Value,Purchase_Frequency,Total_Spent,Days_Since_Last_Purchase,Customer_Tenure,CLV
5524,57,58138.0,Graduation,Single,0,0,25,64.68,1.1295,1617,58,664,1616.97
2174,60,46344.0,Graduation,Single,1,1,6,4.5,1.5789,27,38,114,27.0
4141,49,71613.0,Graduation,Together,0,0,21,36.95,2.0128,776,26,313,775.96
6182,30,26646.0,Graduation,Together,1,0,8,6.62,1.7143,53,26,140,52.96
5324,33,58293.0,PhD,Married,1,0,19,22.21,3.5185,422,94,162,421.99
7446,47,62513.0,Master,Together,0,1,22,32.55,2.2449,716,16,294,716.1
965,43,55635.0,Graduation,Divorced,0,1,21,28.1,1.0606,590,34,594,590.1
6177,29,33454.0,PhD,Married,1,0,10,16.9,0.7177,169,32,418,169.0
4855,40,30351.0,PhD,Together,1,0,6,7.67,0.4627,46,19,389,46.02
5899,64,5648.0,PhD,Together,1,1,2,24.5,0.5505,49,68,109,49.0
1994,31,,Graduation,Married,1,0,4,4.75,0.5286,19,11,227,19.0
387,38,7500.0,Basic,Married,0,0,6,10.17,0.303,61,59,594,61.01
2125,55,63033.0,Graduation,Divorced,0,0,16,68.88,2.1145,1102,82,227,1102.06
8180,62,59354.0,Master,Divorced,1,1,15,20.67,1.9824,310,53,227,310.05
2569,27,17323.0,Graduation,Married,0,0,5,9.2,0.2389,46,38,628,46.01
2114,68,82800.0,PhD,Single,0,0,26,50.58,1.3379,1315,23,583,1315.07
9736,34,41850.0,Graduation,Married,1,1,9,10.67,0.4882,96,51,553,96.02
4939,68,37760.0,Graduation,Together,0,0,13,24.38,0.5838,317,20,668,316.92
6565,65,76995.0,Master,Married,0,1,26,68.54,1.6993,1782,91,459,1781.99
2278,29,33812.0,2n Cycle,Single,1,0,8,16.62,0.3974,133,86,604,132.98
9360,32,37040.0,Graduation,Married,0,0,12,26.33,0.521,316,41,691,315.97
5376,35,2447.0,Graduation,Married,1,0,43,40.23,2.3889,1730,42,540,1729.9
1993,65,58607.0,PhD,Married,0,1,17,57.18,0.9206,972,63,554,972.08
4047,60,65324.0,PhD,Married,0,1,20,27.2,3.5294,544,0,170,544.0
1409,63,40689.0,Graduation,Together,0,1,20,22.2,1.2793,444,69,469,443.99
7892,45,18589.0,Graduation,Single,0,0,8,9.38,0.4412,75,89,544,75.04
2404,38,53359.0,Graduation,Married,1,1,14,18.36,1.0526,257,4,399,257.03
5255,28,,Graduation,Single,1,0,27,23.59,1.6364,637,19,495,636.94
9422,25,38360.0,Graduation,Married,1,0,9,14.56,0.6835,131,26,395,131.03
1966,49,84618.0,PhD,Married,0,0,26,64.31,3.5455,1672,96,220,1672.08
6864,25,10979.0,Master,Divorced,0,0,8,3.75,6.1538,30,34,39,30.0
3033,51,38620.0,Master,Together,0,0,11,28.91,0.7952,318,56,415,318.02
5710,44,40548.0,Graduation,Together,0,1,9,13.33,0.4299,120,31,628,119.96
7373,62,46610.0,PhD,Divorced,0,2,17,17.76,0.8374,302,8,609,301.91
8755,68,68657.0,Master,Married,0,0,18,66.44,1.0909,1196,4,495,1195.91
10738,63,49389.0,Master,Single,1,1,6,10.83,0.5902,65,55,305,64.98
4339,44,67353.0,PhD,Married,0,1,28,32.61,4.6409,913,37,181,913.08
10755,38,23718.0,2n Cycle,Married,1,0,9,9.0,0.897,81,76,301,81.0
8595,41,42429.0,Graduation,Widow,0,1,7,9.57,1.5108,67,99,139,66.99
2968,71,48948.0,PhD,Divorced,0,0,24,37.58,1.4008,902,53,514,901.93
8601,34,80011.0,Graduation,Married,0,1,21,66.43,1.4754,1395,3,427,1395.02
503,29,20559.0,Master,Married,1,0,7,7.57,0.4421,53,88,475,52.99
8430,57,21994.0,Graduation,Together,0,1,4,5.5,0.217,22,4,553,22.0
7281,55,,PhD,Single,0,0,9,20.67,1.1392,186,80,237,186.02
2139,39,7500.0,Master,Married,1,0,8,3.88,0.8856,31,19,271,31.04
1371,38,79941.0,Graduation,Single,0,0,16,61.5,240.0,984,72,2,984.0
9909,18,7500.0,2n Cycle,Married,0,0,10,12.2,0.5017,122,24,598,122.01
7286,46,41728.0,Graduation,Together,1,0,5,11.0,0.3731,55,92,402,54.99
7244,63,,Graduation,Single,2,1,10,12.4,1.6667,124,96,180,124.0
6566,60,72550.0,PhD,Married,1,1,28,47.11,1.4023,1319,39,599,1319.04
8614,57,65486.0,Graduation,Widow,0,1,17,29.82,10.4082,507,29,49,506.94
4114,50,79143.0,Master,Married,0,0,29,58.38,1.2645,1693,2,688,1692.97
1331,37,35790.0,Graduation,Single,1,0,7,10.29,0.386,72,54,544,72.02
2225,37,82582.0,Graduation,Divorced,0,0,21,77.0,27.3913,1617,54,23,1617.0
9381,36,66373.0,Graduation,Married,1,1,23,26.35,1.8016,606,57,383,606.06
6260,59,82384.0,Master,Together,0,0,27,72.48,1.3776,1957,55,588,1957.03
10383,48,70287.0,Graduation,Divorced,0,0,21,52.05,1.3877,1093,30,454,1093.08
7437,26,27938.0,Graduation,Single,1,0,6,4.83,2.8571,29,31,63,28.98
8557,32,,Graduation,Single,1,0,7,6.57,0.5556,46,57,378,45.99
8375,46,55954.0,PhD,Married,0,1,19,27.26,4.7899,518,63,119,517.94
6853,32,75777.0,Master,Single,0,0,21,68.48,1.7452,1438,12,361,1438.12
3076,39,66653.0,Graduation,Together,1,1,22,27.82,0.9985,612,18,661,612.05
1012,62,61823.0,Graduation,Single,0,1,24,36.83,1.4487,884,26,497,883.92
6518,63,67680.0,PhD,Widow,0,1,19,31.89,1.4844,606,8,384,605.92
4137,66,70666.0,Graduation,Together,0,0,16,67.25,2.3301,1076,29,206,1076.0
8082,43,25721.0,Graduation,Married,1,0,5,6.8,0.3704,34,75,405,34.0
1386,47,32474.0,Graduation,Together,1,1,4,2.75,2.4,11,0,50,11.0
9369,35,88194.0,2n Cycle,Single,0,1,32,39.81,9.3204,1274,19,103,1273.92
4477,56,69096.0,Graduation,Together,0,1,18,36.28,1.9565,653,4,276,653.03
1357,44,74854.0,Graduation,Together,1,2,19,82.21,1.2723,1562,90,448,1561.96
1402,60,66991.0,Master,Married,0,0,21,59.67,0.9589,1253,1,657,1253.06
10629,41,,2n Cycle,Married,1,0,9,12.11,0.4128,109,25,654,108.98
6312,55,65031.0,Graduation,Married,0,1,30,28.77,1.9149,863,29,470,863.1
8132,39,60631.0,PhD,Married,1,1,24,27.54,1.5965,661,88,451,660.98
1050,62,28332.0,Graduation,Married,0,0,8,8.12,3.9344,65,58,61,64.96
5846,37,40246.0,Graduation,Divorced,1,0,4,3.25,0.2151,13,68,558,13.0
1859,42,75251.0,Master,Married,0,0,19,99.47,0.8482,1890,34,672,1889.9
7503,38,75825.0,Graduation,Single,0,0,22,100.41,1.0543,2209,40,626,2208.99
10401,38,26326.0,2n Cycle,Together,0,0,4,4.5,0.4013,18,12,299,18.0
1618,49,56046.0,Graduation,Together,0,0,21,32.95,1.1581,692,9,544,691.96
3332,29,29760.0,Graduation,Single,1,0,12,13.75,0.5373,165,87,670,165.0
2261,45,26304.0,Graduation,Married,1,0,4,4.0,0.3226,16,5,372,16.0
5346,41,23559.0,2n Cycle,Married,1,0,9,8.78,0.7459,79,87,362,79.02
4119,51,38620.0,Master,Together,0,0,11,28.91,0.7952,318,56,415,318.02
535,27,81361.0,Graduation,Divorced,0,0,27,28.81,6.48,778,18,125,777.87
5268,54,29440.0,Graduation,Married,1,1,7,8.0,0.6502,56,95,323,56.0
273,44,36138.0,Master,Married,1,1,13,11.62,1.1175,151,48,349,151.06
4452,57,50388.0,Graduation,Single,0,1,17,21.88,15.4545,372,3,33,371.96
8504,41,79593.0,Graduation,Married,0,0,19,71.89,11.6327,1366,70,49,1365.92
771,47,54178.0,Graduation,Together,0,1,10,19.4,1.875,194,79,160,194.0
8996,57,,PhD,Married,2,1,29,20.79,1.4796,603,4,588,602.91
9235,57,,Graduation,Single,1,1,4,4.5,3.5294,18,45,34,18.0
5798,41,,Master,Together,0,0,15,65.67,2.0548,985,87,219,985.05
11178,42,42394.0,Master,Single,1,0,5,6.4,1.5152,32,69,99,32.0
2230,44,23626.0,PhD,Married,1,0,10,4.3,8.1081,43,84,37,43.0
7516,31,30096.0,Graduation,Married,1,0,6,7.5,4.6154,45,30,39,45.0
7247,54,47916.0,Graduation,Widow,0,1,22,27.55,1.1282,606,72,585,606.1
11100,42,51813.0,Graduation,Divorced,1,1,7,9.0,0.4719,63,37,445,63.0
4646,63,78497.0,2n Cycle,Married,0,0,25,39.12,3.5545,978,44,211,978.0
3037,31,50150.0,PhD,Married,0,0,16,25.62,1.28,410,32,375,409.92
1473,54,47823.0,2n Cycle,Single,0,1,7,10.29,0.614,72,0,342,72.03
1016,55,34554.0,PhD,Single,0,1,7,7.86,2.2826,55,43,92,55.02
4518,35,85693.0,Graduation,Together,0,1,27,43.3,1.8578,1169,59,436,1169.1
9370,69,65846.0,PhD,Married,0,0,16,70.0,1.1736,1120,68,409,1120.01
8908,55,87195.0,Graduation,Married,0,0,20,54.85,11.3208,1097,35,53,1097.0
8373,35,24594.0,Basic,Together,1,0,5,5.8,0.7426,29,94,202,29.0
7533,50,49096.0,Graduation,Married,1,1,13,14.38,1.3978,187,15,279,186.93
2683,45,52413.0,Graduation,Married,0,2,26,35.0,1.5205,910,56,513,910.02
3629,36,38557.0,Graduation,Single,1,0,9,16.11,0.4839,145,17,558,145.0
10991,54,89058.0,Master,Married,0,0,14,60.71,0.7368,850,18,570,849.89
5077,35,77298.0,Graduation,Together,0,1,24,40.38,3.0,969,46,240,969.12
7431,23,68126.0,PhD,Single,0,0,17,107.06,0.8543,1820,40,597,1820.08
3267,51,57288.0,Master,Together,0,1,20,30.4,120.0,608,27,5,608.0
999,23,86037.0,Graduation,Single,0,0,25,29.2,1.3787,730,95,544,730.01
9215,34,43974.0,PhD,Married,1,0,21,26.24,1.115,551,19,565,551.02
2286,52,50785.0,Graduation,Single,1,1,8,14.25,0.8191,114,27,293,114.0
1592,44,90765.0,Graduation,Married,0,0,15,114.93,2.8662,1724,25,157,1723.92
367,36,36550.0,2n Cycle,Married,1,0,20,28.85,1.2097,577,74,496,577.01
5234,47,30753.0,2n Cycle,Together,1,1,7,11.57,0.5932,81,85,354,80.99
9862,45,21918.0,Graduation,Together,1,0,7,4.71,0.9211,33,37,228,32.97
9805,61,56129.0,Master,Together,0,1,22,30.0,1.76,660,65,375,660.0
6205,47,32557.0,Master,Single,1,0,9,8.89,2.1429,80,13,126,80.01
8442,29,19510.0,Master,Married,2,0,6,5.0,0.602,30,63,299,30.0
7386,38,30992.0,Graduation,Divorced,1,0,5,8.6,0.3456,43,83,434,43.0
7215,31,101970.0,Graduation,Single,0,0,27,42.04,1.7053,1135,69,475,1135.1
1491,49,71488.0,2n Cycle,Together,0,0,16,34.94,0.9658,559,87,497,559.04
11071,30,79607.0,Graduation,Single,0,0,16,120.19,1.1034,1923,37,435,1922.96
3381,61,54348.0,Master,Married,1,1,8,11.25,10.9091,90,51,22,90.0
8268,53,,PhD,Married,0,1,17,23.76,1.4407,404,23,354,403.93
11051,58,77376.0,PhD,Together,1,1,23,28.74,13.5294,661,72,51,661.02
8026,62,62998.0,Graduation,Married,0,1,19,24.37,2.0879,463,10,273,463.03
433,56,61331.0,Master,Alone,1,1,23,27.48,1.4465,632,42,477,632.02
9597,45,73448.0,Graduation,Married,0,0,19,38.16,4.0714,725,10,140,725.03
1295,51,,Graduation,Married,0,1,19,38.16,1.7647,725,96,323,725.04
5290,50,41551.0,PhD,Married,1,1,16,17.44,1.5,279,51,320,279.04
1685,47,62981.0,PhD,Together,0,0,23,64.43,1.4681,1482,21,470,1481.91
5342,38,9548.0,Basic,Divorced,1,0,6,4.83,0.2605,29,31,691,28.98
9579,55,33762.0,PhD,Married,2,1,9,11.78,0.7542,106,61,358,106.02
7660,41,35860.0,PhD,Alone,1,1,6,8.17,4.2857,49,37,42,49.02
1461,49,36921.0,PhD,Divorced,1,1,7,5.43,0.6231,38,74,337,38.01
821,22,92859.0,Master,Single,0,0,22,94.41,1.0662,2077,46,619,2076.95
11084,38,65104.0,Master,Together,0,1,17,61.94,2.2368,1053,4,228,1052.96
8690,52,86111.0,Graduation,Married,0,0,23,60.22,1.5789,1385,73,437,1385.02
2937,40,68352.0,PhD,Single,0,1,25,34.84,2.451,871,47,306,871.01
9701,26,41883.0,Graduation,Together,1,0,12,26.0,0.7692,312,13,468,311.99
9949,38,59809.0,Graduation,Married,0,2,15,58.47,0.7258,877,36,620,877.04
10837,39,23957.0,Graduation,Married,1,0,6,11.33,0.2951,68,47,610,67.98
3120,33,38547.0,Graduation,Together,1,0,4,5.5,0.3922,22,49,306,22.0
5885,41,35688.0,2n Cycle,Married,2,1,16,13.19,0.709,211,94,677,211.04
4050,48,49605.0,Master,Married,0,0,8,15.88,26.6667,127,65,9,127.04
3830,61,59354.0,Master,Married,0,2,16,28.69,7.1642,459,59,67,459.04
7987,45,65747.0,Graduation,Married,0,1,19,24.21,4.9565,460,96,115,459.99
7798,42,46344.0,2n Cycle,Together,0,1,17,25.24,0.9059,429,28,563,429.1
92,26,34176.0,Graduation,Alone,1,0,11,8.09,6.7347,89,12,49,88.99
7055,62,61010.0,PhD,Together,0,1,26,39.27,1.2401,1021,57,629,1021.05
10240,65,69372.0,Graduation,Together,0,0,21,65.76,1.2702,1381,10,496,1381.0
3025,56,49967.0,Graduation,Single,0,1,15,20.4,1.2605,306,4,357,306.0
9283,36,60199.0,Graduation,Single,1,2,4,4.5,0.4124,18,49,291,18.0
9970,37,55375.0,Graduation,Together,0,1,9,18.0,1.0547,162,3,256,162.0
2730,59,80317.0,Graduation,Single,0,0,18,68.39,1.7197,1231,64,314,1230.99
2795,56,30523.0,Master,Single,2,1,4,3.25,0.3297,13,0,364,13.0
9260,69,70356.0,PhD,Married,0,0,27,63.19,1.3455,1706,20,602,1706.11
8182,30,23228.0,Graduation,Married,1,0,11,11.0,1.875,121,91,176,121.0
10095,39,74165.0,PhD,Divorced,0,0,20,64.65,1.4118,1293,9,425,1293.03
8475,41,157243.0,PhD,Married,0,1,37,43.46,9.1736,1608,98,121,1608.03
4370,48,43482.0,Graduation,Together,2,1,9,9.78,1.179,88,83,229,88.02
10573,61,62551.0,Graduation,Divorced,0,0,18,23.39,2.4107,421,27,224,421.02
3712,55,52332.0,Graduation,Divorced,0,0,12,21.58,1.1765,259,63,306,258.97
6637,26,66951.0,Graduation,Single,0,0,15,74.47,1.875,1117,46,240,1117.05
3152,57,26091.0,Graduation,Together,1,1,9,9.89,2.16,89,84,125,89.01
5610,49,33456.0,Graduation,Together,1,1,6,6.0,2.5714,36,58,70,36.0
6460,32,28718.0,Graduation,Married,1,0,7,8.14,0.5966,57,78,352,56.98
1349,44,50447.0,Graduation,Married,2,0,8,18.5,3.4286,148,4,70,148.0
1880,55,53537.0,PhD,Together,1,1,8,11.62,1.5894,93,17,151,92.96
641,47,52074.0,Graduation,Single,0,1,7,17.0,2.4138,119,77,87,119.0
8717,39,80427.0,PhD,Married,0,1,28,65.54,1.2805,1835,56,656,1835.14
10314,66,83837.0,PhD,Married,0,0,25,52.72,1.3369,1318,79,561,1318.0
10854,44,38853.0,PhD,Married,1,1,7,6.43,5.5263,45,90,38,45.01
10492,55,38285.0,Graduation,Together,2,1,4,2.5,20.0,10,96,6,10.0
6935,63,78497.0,2n Cycle,Married,0,0,25,39.12,3.5545,978,44,211,978.0
7698,38,51650.0,PhD,Married,0,1,10,19.1,6.0,191,81,50,191.0
3559,26,16248.0,2n Cycle,Married,1,0,9,6.33,5.2941,57,77,51,56.97
10562,68,66835.0,Master,Married,0,0,24,43.04,2.6182,1033,21,275,1032.97
10796,30,30477.0,Master,Married,1,0,6,11.0,1.1321,66,16,159,66.0
2563,53,28249.0,Basic,Married,0,0,6,7.17,12.0,43,80,15,43.02
3518,31,25271.0,Graduation,Married,1,0,5,10.0,0.2622,50,45,572,49.99
5823,44,32303.0,PhD,Single,0,1,7,5.57,1.8421,39,63,114,38.99
3934,48,61286.0,Graduation,Married,0,1,18,33.78,1.6265,608,34,332,608.04
6982,38,74068.0,Graduation,Married,0,0,24,65.88,1.5385,1581,14,468,1581.16
6431,50,45759.0,PhD,Married,1,1,7,9.71,0.4268,68,13,492,67.97
9733,36,24882.0,Basic,Together,1,0,5,16.0,0.2276,80,52,659,79.99
5602,25,66973.0,PhD,Together,0,0,28,45.79,2.0538,1282,98,409,1282.13
1324,26,38872.0,Graduation,Married,1,0,8,11.38,0.6061,91,93,396,91.05
326,41,51148.0,Graduation,Married,1,1,16,19.69,0.9658,315,38,497,315.04
7224,37,31353.0,Graduation,Married,1,1,6,5.17,0.9836,31,24,183,31.02
6999,34,69661.0,Master,Married,0,0,23,36.26,14.375,834,80,48,833.98
9938,60,80067.0,Graduation,Married,0,0,17,94.12,1.7958,1600,82,284,1600.06
6422,60,86718.0,Graduation,Married,0,0,17,74.71,0.9641,1270,20,529,1270.09
3182,41,46854.0,PhD,Single,1,1,15,17.53,4.9451,263,81,91,262.95
7300,62,69142.0,Graduation,Divorced,0,1,19,28.16,570.0,535,50,1,535.04
10424,46,75922.0,Graduation,Single,0,0,18,71.94,2.6601,1295,60,203,1294.92
8727,36,63693.0,Graduation,Divorced,0,1,29,39.66,3.3591,1150,63,259,1150.15
2798,37,102160.0,PhD,Together,0,0,26,47.69,1.2893,1240,54,605,1239.98
1030,49,40637.0,PhD,Single,1,1,6,6.33,0.5172,38,72,348,37.98
624,30,18890.0,Master,Single,0,0,4,8.75,0.201,35,5,597,35.0
5176,26,29604.0,Graduation,Together,1,0,5,10.6,0.7353,53,88,204,53.0
5552,51,48721.0,Master,Divorced,1,1,17,17.24,1.2349,293,50,413,293.09
868,48,44794.0,Graduation,Married,0,1,6,10.83,8.1818,65,99,22,64.98
380,60,64497.0,Graduation,Divorced,0,1,29,62.21,1.3222,1804,17,658,1804.11
2677,58,46097.0,Graduation,Together,0,1,15,16.07,0.9868,241,11,456,241.04
6521,60,77972.0,Graduation,Together,0,0,20,55.05,5.7692,1101,18,104,1100.99
6927,46,44377.0,PhD,Married,1,1,19,13.89,0.9005,264,70,633,263.92
2877,40,46014.0,Master,Together,1,1,26,20.81,1.4857,541,21,525,541.05
0,29,70951.0,Graduation,Married,0,0,17,70.47,1.2085,1198,66,422,1197.96
1584,37,41443.0,Graduation,Married,1,0,20,24.1,6.6667,482,79,90,482.0
7264,36,52195.0,2n Cycle,Single,2,1,4,4.25,2.449,17,2,49,17.0
6274,66,83790.0,Master,Married,0,0,25,64.6,3.304,1615,81,227,1615.02
1377,60,44551.0,Master,Widow,0,1,12,23.75,1.1881,285,24,303,285.0
454,34,69508.0,Graduation,Together,1,0,28,40.54,1.4165,1135,48,593,1135.1
1755,26,45204.0,2n Cycle,Together,1,0,7,16.29,2.625,114,93,80,114.03
2075,45,72460.0,Graduation,Married,0,0,16,65.44,2.1053,1047,56,228,1047.06
4785,44,77622.0,PhD,Together,0,2,22,32.45,8.5714,714,3,77,713.9
9076,34,30732.0,PhD,Married,1,0,13,14.23,0.7209,185,44,541,184.99
7079,52,63887.0,Graduation,Divorced,0,1,32,38.91,1.4545,1245,38,660,1245.08
4653,36,42011.0,Graduation,Together,1,0,12,15.75,0.7809,189,46,461,189.0
7375,38,51369.0,Graduation,Together,0,1,16,36.0,0.783,576,84,613,575.97
709,62,51537.0,Graduation,Divorced,0,1,18,61.28,0.9507,1103,27,568,1103.04
460,42,79930.0,PhD,Married,0,0,17,103.12,0.7381,1753,72,691,1753.13
3726,28,34320.0,PhD,Together,1,0,4,4.25,0.8955,17,66,134,17.0
6798,48,37070.0,Graduation,Single,1,1,23,18.83,1.4775,433,30,467,433.09
5341,52,81975.0,2n Cycle,Divorced,0,1,14,113.43,0.7763,1588,2,541,1587.94
1606,43,38590.0,Graduation,Together,1,0,4,5.5,0.292,22,65,411,22.0
9617,63,15033.0,Graduation,Single,0,0,5,3.8,2.0,19,37,75,19.0
3233,49,62745.0,PhD,Married,0,1,29,38.52,1.875,1117,89,464,1117.08
89,39,22212.0,2n Cycle,Married,1,0,8,8.62,1.1823,69,49,203,68.96
2936,32,23661.0,Master,Together,1,0,5,4.6,0.7212,23,46,208,23.0
9449,56,79761.0,PhD,Single,0,1,19,31.84,2.119,605,32,269,604.97
7297,41,7500.0,Graduation,Single,1,0,11,5.18,1.7742,57,54,186,56.98
313,46,73455.0,Graduation,Widow,0,0,22,94.91,2.6939,2088,98,245,2088.04
9940,56,64961.0,Graduation,Together,0,1,16,63.06,0.8664,1009,97,554,1008.93
10735,43,22804.0,Graduation,Single,1,0,5,5.2,0.4491,26,75,334,26.0
9529,24,73687.0,Graduation,Married,0,0,22,73.95,3.0841,1627,8,214,1626.89
6439,56,61074.0,Graduation,Married,0,1,31,35.55,1.3636,1102,37,682,1102.02
7411,50,31686.0,PhD,Married,1,1,6,2.83,7.2,17,31,25,16.98
2176,42,80134.0,Graduation,Married,1,0,16,105.62,1.1823,1690,40,406,1689.97
9265,61,75027.0,Graduation,Married,0,1,21,66.19,1.1732,1390,74,537,1390.01
8867,26,67546.0,PhD,Married,0,0,20,106.3,0.8982,2126,90,668,2125.99
8932,45,65176.0,Master,Together,0,1,25,61.24,1.2315,1531,57,609,1530.97
10236,39,31160.0,Master,Single,1,0,7,9.14,0.7317,64,59,287,63.98
6340,29,29938.0,Graduation,Single,1,0,6,4.33,0.7317,26,52,246,25.98
10089,40,102692.0,Graduation,Divorced,0,0,29,38.34,1.929,1112,5,451,1111.83
2227,56,26490.0,2n Cycle,Together,0,0,11,19.09,0.5108,210,92,646,209.98
10992,47,75702.0,Graduation,Together,1,1,26,44.15,1.1642,1148,77,670,1147.92
5304,40,30899.0,PhD,Single,1,0,6,5.5,0.288,33,35,625,33.0
309,53,63342.0,PhD,Together,0,1,19,57.95,0.9164,1101,48,622,1101.05
3406,50,45989.0,Graduation,Single,0,1,16,20.12,0.7792,322,97,616,321.91
2661,50,18701.0,Graduation,Single,1,1,10,4.4,0.7673,44,95,391,44.0
3153,57,40737.0,PhD,Single,2,1,4,4.25,0.5882,17,24,204,17.0
10264,35,15287.0,Graduation,Divorced,1,0,6,5.17,0.2866,31,60,628,31.02
1184,46,69674.0,PhD,Divorced,0,2,25,33.8,1.8564,845,46,404,844.98
4200,44,44159.0,Master,Married,1,0,15,18.33,34.6154,275,85,13,274.95
9396,36,37717.0,PhD,Married,1,0,4,6.25,0.2055,25,31,584,25.0
2387,62,43776.0,Master,Together,1,1,17,16.18,0.9961,275,9,512,275.06
6690,48,38179.0,Master,Married,1,1,11,8.18,0.6977,90,30,473,89.98
1225,51,80124.0,Graduation,Married,0,0,19,78.68,142.5,1495,47,4,1494.92
9703,44,38097.0,PhD,Married,1,1,11,16.73,0.5297,184,70,623,184.03
291,44,72940.0,Graduation,Married,0,0,13,75.46,1.0372,981,13,376,980.95
4557,44,22070.0,Graduation,Together,1,0,8,8.38,0.8922,67,11,269,67.04
2379,61,69267.0,Graduation,Single,0,0,14,116.79,0.6502,1635,31,646,1635.17
5726,31,31788.0,Master,Single,1,0,10,6.0,2.9412,60,15,102,60.0
3066,39,61905.0,PhD,Together,0,1,12,19.25,2.4658,231,2,146,231.0
6336,54,29315.0,Graduation,Married,1,1,10,4.8,3.5294,48,55,85,48.0
10967,51,33378.0,Graduation,Divorced,1,1,9,11.0,0.5305,99,38,509,99.01
2304,51,66313.0,PhD,Together,0,1,23,33.48,2.4042,770,86,287,770.05
3445,58,60714.0,Graduation,Single,0,0,23,41.61,1.3043,957,56,529,956.99
7828,33,77882.0,Master,Together,0,0,12,68.17,5.9016,818,29,61,818.03
3762,28,69867.0,PhD,Single,0,0,17,54.41,1.1233,925,30,454,924.93
4391,46,63841.0,Master,Divorced,0,1,22,41.27,1.5172,908,64,435,907.92
4669,33,24480.0,Basic,Married,1,0,10,10.2,0.5952,102,46,504,101.99
10144,38,51369.0,Graduation,Together,0,1,16,36.0,0.783,576,84,613,575.97
8652,68,37760.0,Graduation,Together,0,0,13,24.38,0.5838,317,20,668,316.92
1672,40,65640.0,PhD,Together,0,1,15,30.73,3.719,461,74,121,460.95
8962,39,44319.0,Master,Married,1,1,7,5.29,2.8378,37,18,74,37.03
9974,40,30631.0,Graduation,Married,1,0,7,10.0,0.5949,70,75,353,70.0
10983,62,75278.0,Graduation,Together,0,0,23,40.43,1.3346,930,17,517,929.87
8148,58,50898.0,Master,Together,1,1,33,26.03,1.8401,859,88,538,858.97
10102,48,79946.0,Graduation,Widow,0,0,22,67.18,13.4694,1478,19,49,1477.96
4697,65,35416.0,Master,Divorced,0,0,16,24.38,1.2565,390,62,382,390.07
9262,30,32414.0,2n Cycle,Together,0,0,5,10.4,0.4155,52,11,361,52.0
7254,45,38361.0,Graduation,Together,1,0,10,13.7,1.6216,137,74,185,137.0
4543,34,82497.0,Graduation,Married,0,0,19,101.0,0.939,1919,32,607,1918.91
4927,43,16626.0,Graduation,Together,2,0,9,7.56,1.6265,68,76,166,68.04
10451,49,29672.0,Graduation,Together,1,1,4,6.25,0.2526,25,6,475,25.0
2926,62,55951.0,Master,Together,0,1,23,59.74,1.0207,1374,62,676,1374.01
2874,26,35388.0,2n Cycle,Divorced,1,0,5,6.4,0.3125,32,20,480,32.0
9738,28,42386.0,Master,Together,1,0,7,14.29,0.394,100,43,533,100.03
7119,32,68627.0,Graduation,Single,0,0,12,68.75,0.6742,825,45,534,825.05
3924,49,57912.0,PhD,Divorced,0,1,28,32.71,8.0,916,34,105,915.88
5827,56,35246.0,Graduation,Divorced,1,1,11,5.64,4.4,62,53,75,62.04
5596,58,58821.0,2n Cycle,Together,0,1,21,34.67,2.4138,728,44,261,728.07
10812,36,46377.0,PhD,Married,1,0,7,12.86,1.7355,90,89,121,90.02
1717,26,39747.0,Graduation,Single,1,0,13,21.0,5.0,273,43,78,273.0
9491,30,23976.0,Graduation,Together,1,0,10,6.6,1.6216,66,68,185,66.0
9274,53,80950.0,Master,Married,0,0,23,52.74,1.5033,1213,44,459,1213.05
6609,48,27038.0,Graduation,Widow,0,0,7,15.29,0.3231,107,64,650,107.04
6963,67,77457.0,Graduation,Single,0,0,18,64.28,4.6154,1157,85,117,1157.04
4440,50,64100.0,Master,Married,0,1,18,30.33,1.843,546,93,293,545.94
1379,22,42670.0,Master,Together,0,0,11,21.91,0.7692,241,12,429,241.0
10032,38,12571.0,Graduation,Divorced,1,0,11,4.82,2.0245,53,86,163,53.02
2826,47,22574.0,Graduation,Married,2,1,7,5.29,0.8571,37,28,245,37.03
2437,25,,Graduation,Married,0,0,24,67.12,1.8367,1611,69,392,1610.85
6320,38,70893.0,Master,Single,0,0,23,65.57,1.3556,1508,42,509,1508.11
3050,48,54198.0,Graduation,Married,1,1,16,14.69,2.4615,235,13,195,235.04
231,58,28839.0,Master,Together,1,1,7,4.57,1.8919,32,86,111,31.99
2392,42,40321.0,Graduation,Married,1,1,8,12.75,0.7143,102,59,336,102.0
9478,29,66503.0,Graduation,Single,1,0,15,26.73,0.6569,401,30,685,400.93
113,63,30833.0,Graduation,Married,1,1,6,4.67,0.5158,28,33,349,28.02
2863,44,,Graduation,Single,1,2,21,50.1,2.0257,1052,67,311,1052.09
1802,43,64795.0,Graduation,Married,0,1,21,32.38,1.1909,680,23,529,679.96
520,40,34421.0,Graduation,Married,1,0,4,7.5,0.3297,30,81,364,30.0
8275,49,47025.0,PhD,Divorced,1,1,4,5.0,0.8511,20,6,141,20.0
9750,53,64325.0,PhD,Divorced,0,1,23,56.83,1.3583,1307,41,508,1307.12
2607,61,40464.0,Graduation,Single,0,1,24,26.25,1.3458,630,78,535,630.0
7214,57,62187.0,Graduation,Married,0,0,18,71.28,1.5,1283,49,360,1283.04
5835,38,14849.0,PhD,Divorced,1,0,9,7.22,0.7438,65,39,363,64.98
3896,30,27255.0,Graduation,Married,1,0,5,7.4,0.6383,37,3,235,37.0
10350,64,54432.0,PhD,Married,2,1,5,7.6,0.3597,38,37,417,38.0
7786,28,29999.0,PhD,Single,1,0,12,13.33,0.7171,160,22,502,159.95
2861,31,24072.0,Graduation,Single,1,0,4,5.75,0.2727,23,79,440,23.0
663,25,33996.0,PhD,Single,0,0,6,11.83,0.6164,71,46,292,70.98
10675,58,66334.0,PhD,Married,0,1,19,61.11,1.2583,1161,82,453,1161.11
2521,43,35178.0,Master,Married,1,0,5,11.8,0.2799,59,10,536,59.01
9592,31,22010.0,Graduation,Together,1,0,7,4.71,0.5753,33,51,365,32.97
10151,54,62204.0,Graduation,Divorced,0,2,22,43.0,1.0061,946,38,656,946.0
7381,46,75693.0,Graduation,Divorced,0,0,22,65.55,1.1559,1442,10,571,1442.14
4099,42,30675.0,Graduation,Married,1,0,5,12.4,0.2521,62,14,595,62.0
9560,49,83003.0,Graduation,Together,0,0,22,76.09,1.3636,1674,18,484,1673.94
10172,26,68655.0,Graduation,Single,0,0,21,73.24,0.9144,1538,95,689,1538.09
11191,28,41411.0,Graduation,Divorced,0,0,8,17.38,1.1707,139,11,205,139.04
9707,45,55212.0,PhD,Married,0,1,20,59.1,1.0274,1182,65,584,1182.0
6245,64,59292.0,PhD,Together,0,1,18,28.17,1.4136,507,71,382,507.06
8234,41,27190.0,Basic,Together,1,0,4,4.5,0.3762,18,13,319,18.0
1411,62,82623.0,Graduation,Divorced,0,0,16,58.75,2.069,940,58,232,940.02
8553,49,44300.0,Graduation,Married,1,1,6,7.0,0.4839,42,65,372,42.0
1826,44,84835.0,Graduation,Divorced,0,0,15,79.33,32.1429,1190,0,14,1189.95
8842,43,30372.0,Graduation,Widow,1,1,8,5.5,0.4348,44,33,552,44.0
11030,38,33181.0,Master,Married,1,0,4,4.0,0.6742,16,90,178,16.0
2579,57,71113.0,Graduation,Married,0,1,26,32.12,4.0,835,95,195,835.12
175,28,71952.0,Graduation,Married,1,0,22,65.59,1.2313,1443,93,536,1442.93
9185,48,69759.0,PhD,Single,0,0,18,57.17,2.2041,1029,38,245,1029.07
11056,40,72099.0,Graduation,Married,0,0,18,66.0,0.8838,1188,18,611,1188.0
9365,38,60000.0,PhD,Single,0,1,24,53.21,1.2973,1277,57,555,1277.04
6201,36,38643.0,Graduation,Single,1,1,7,7.0,0.9859,49,45,213,49.0
2061,59,50737.0,Graduation,Married,0,1,7,14.14,0.506,99,61,415,98.98
6184,45,68462.0,PhD,Married,0,0,15,111.33,0.7965,1670,6,565,1670.03
6142,71,65073.0,Master,Married,0,0,14,64.29,1.3376,900,65,314,900.07
4107,66,46681.0,PhD,Together,0,2,16,26.56,1.8113,425,52,265,424.96
7274,57,78618.0,Graduation,Married,0,0,22,97.86,1.0312,2153,87,640,2152.82
9336,45,62187.0,PhD,Widow,0,1,21,30.29,6.3,636,38,100,636.09
2958,36,28442.0,Graduation,Married,2,0,10,5.7,2.381,57,53,126,57.0
933,36,37717.0,PhD,Married,1,0,4,6.25,0.2055,25,31,584,25.0
5837,47,51479.0,Graduation,Married,1,1,22,22.45,1.2022,494,67,549,493.91
10704,45,54803.0,Graduation,Single,0,1,19,36.47,0.8407,693,65,678,692.92
5125,54,79530.0,Graduation,Married,0,0,26,51.85,1.9071,1348,64,409,1348.11
4432,38,31615.0,Graduation,Divorced,1,0,7,7.29,0.4459,51,82,471,51.03
5955,52,72025.0,Graduation,Together,0,0,16,120.75,0.8136,1932,27,590,1932.1
2928,39,52614.0,PhD,Single,0,1,16,61.88,0.8333,990,63,576,990.04
5680,30,35684.0,2n Cycle,Married,1,0,5,6.0,2.1739,30,66,69,30.0
10313,39,48178.0,Graduation,Married,1,1,16,15.88,0.7869,254,69,610,254.08
2557,44,29548.0,Master,Single,1,0,5,5.8,0.4918,29,52,305,29.0
1245,48,63810.0,Graduation,Single,0,1,23,59.61,1.1577,1371,45,596,1371.01
1519,42,38578.0,PhD,Single,1,1,9,8.11,0.7239,73,2,373,72.99
10703,39,46098.0,Master,Single,1,1,11,10.91,0.4846,120,86,681,120.01
1726,44,22585.0,Graduation,Single,0,0,5,16.2,0.3198,81,23,469,80.99
4459,25,30279.0,Graduation,Single,1,0,5,7.4,0.2742,37,13,547,37.0
1729,53,66426.0,PhD,Together,0,1,20,68.85,2.214,1377,14,271,1376.99
1517,45,30822.0,Graduation,Single,1,0,5,10.2,0.3937,51,92,381,51.0
2098,45,33581.0,PhD,Married,2,0,4,4.25,0.223,17,38,538,17.0
9543,29,19986.0,Graduation,Married,1,0,4,5.5,0.5263,22,74,228,22.0
6878,60,27421.0,Graduation,Widow,0,0,14,23.14,0.7434,324,14,565,323.98
3310,41,35688.0,2n Cycle,Married,2,1,16,13.19,0.709,211,94,677,211.04
2724,33,36143.0,Master,Single,1,0,4,4.75,1.3043,19,33,92,19.0
948,43,10245.0,Graduation,Single,1,0,8,5.12,0.5839,41,32,411,40.96
6720,46,43795.0,Master,Together,0,1,17,28.94,1.9844,492,11,257,491.97
6202,54,63381.0,Graduation,Together,0,1,26,38.65,1.2322,1005,78,633,1004.88
2066,65,38823.0,Graduation,Together,0,1,7,16.29,0.3139,114,56,669,114.03
9799,46,83664.0,PhD,Divorced,1,1,19,61.74,1.3636,1173,57,418,1173.03
8318,35,90300.0,Graduation,Together,0,0,19,91.47,3.2022,1738,7,178,1737.9
5642,35,62499.0,Master,Together,1,0,12,18.5,1.7734,222,0,203,222.0
2669,21,74293.0,Graduation,Single,0,0,16,70.44,8.4211,1127,66,57,1127.05
455,68,51012.0,PhD,Married,0,0,10,20.9,0.6849,209,86,438,208.99
7683,46,70777.0,Master,Married,0,1,23,34.22,5.52,787,80,125,787.06
3428,23,68682.0,PhD,Together,0,0,24,66.58,2.6966,1598,56,267,1597.9
7414,43,43824.0,Graduation,Married,1,1,12,15.5,0.5513,186,18,653,186.0
6354,30,15345.0,Graduation,Together,1,0,6,7.83,0.2695,47,51,668,46.99
798,27,23442.0,Graduation,Single,1,0,5,5.4,0.2712,27,71,553,27.0
8213,34,14515.0,2n Cycle,Together,1,0,11,8.73,0.5518,96,71,598,96.02
2488,58,31395.0,2n Cycle,Divorced,1,1,10,6.4,0.6466,64,80,464,64.0
9999,49,75276.0,Graduation,Together,0,0,23,45.22,1.0764,1040,2,641,1040.02
7617,40,42373.0,Graduation,Single,1,1,13,12.54,1.2226,163,83,319,163.02
615,54,30507.0,Graduation,Together,0,0,11,31.18,0.6933,343,29,476,342.99
2552,59,55521.0,PhD,Single,1,2,24,18.58,2.8685,446,11,251,445.92
194,49,48006.0,Graduation,Married,1,1,5,8.2,7.1429,41,55,21,41.0
3645,42,27213.0,PhD,Single,1,0,9,7.78,0.4036,70,19,669,70.02
8890,43,65808.0,PhD,Divorced,1,1,14,19.43,13.5484,272,1,31,272.02
5049,40,30351.0,PhD,Together,1,0,6,7.67,0.4627,46,19,389,46.02
9973,51,50437.0,Graduation,Married,0,2,19,25.79,0.9179,490,28,621,490.02
7301,32,23616.0,2n Cycle,Single,1,0,8,9.88,0.4068,79,76,590,79.04
10882,38,53858.0,Graduation,Married,0,1,17,53.82,0.8528,915,50,598,914.89
7030,59,66465.0,PhD,Married,0,1,35,42.43,2.2976,1485,1,457,1485.05
7422,27,46923.0,Graduation,Single,1,0,16,23.06,0.709,369,90,677,368.95
3523,52,75072.0,Graduation,Together,0,1,19,56.47,1.0899,1073,83,523,1072.96
7106,71,75865.0,PhD,Married,0,0,19,65.37,6.2637,1242,73,91,1242.02
6504,39,19789.0,2n Cycle,Together,1,0,9,8.67,1.2162,78,24,222,78.03
5067,20,80134.0,Graduation,Together,0,0,21,65.62,4.6324,1378,11,136,1378.03
4216,33,91065.0,Graduation,Single,0,0,26,56.69,1.5822,1474,33,493,1473.99
8581,43,49505.0,Master,Married,1,1,29,25.9,1.805,751,4,482,751.11
5929,41,37401.0,PhD,Married,1,0,7,6.86,3.8182,48,14,55,48.02
3129,31,30096.0,Graduation,Married,1,0,6,7.5,4.6154,45,30,39,45.0
6528,32,18492.0,Master,Together,1,0,4,2.5,4.8,10,75,25,10.0
1361,40,82584.0,Master,Married,0,0,16,89.69,1.2276,1435,26,391,1435.01
6932,73,93027.0,PhD,Married,0,0,22,96.32,1.4898,2119,77,443,2118.98
7284,61,48686.0,Graduation,Married,1,2,4,5.0,0.5769,20,8,208,20.0
1340,28,92910.0,Graduation,Married,0,0,27,66.48,12.0896,1795,42,67,1794.97
8746,25,75433.0,Graduation,Married,1,0,19,62.53,6.6279,1188,28,86,1188.07
5987,25,10404.0,2n Cycle,Together,1,0,7,6.14,3.6842,43,52,57,42.98
3767,46,61314.0,Graduation,Married,0,1,24,42.0,1.6705,1008,1,431,1007.98
3725,53,84865.0,PhD,Single,0,0,16,105.5,1.1511,1688,1,417,1688.03
4324,25,42387.0,Graduation,Married,1,0,21,32.57,1.0345,684,42,609,683.98
238,47,67309.0,2n Cycle,Together,1,1,39,27.74,2.2371,1082,76,523,1081.86
6694,50,75236.0,Graduation,Married,0,1,25,42.72,3.4562,1068,27,217,1067.99
498,44,30015.0,Graduation,Single,1,0,7,8.14,1.4189,57,28,148,56.98
9347,58,50943.0,Master,Together,0,1,5,9.2,0.4011,46,49,374,46.0
9699,48,67272.0,Graduation,Divorced,0,1,23,31.87,3.6126,733,12,191,733.02
10664,65,51529.0,Master,Widow,0,1,17,27.47,1.723,467,14,296,467.0
5455,43,32011.0,PhD,Married,1,0,10,12.2,0.9615,122,89,312,122.0
456,28,7500.0,2n Cycle,Married,1,0,7,5.14,0.4134,36,96,508,35.98
5012,25,28691.0,Graduation,Married,1,0,5,6.8,0.4155,34,56,361,34.0
7495,66,56223.0,PhD,Married,0,1,10,15.6,1.5625,156,72,192,156.0
5029,68,18100.0,Graduation,Married,0,0,4,3.5,0.3659,14,14,328,14.0
10642,25,30279.0,Graduation,Single,1,0,5,7.4,0.2742,37,13,547,37.0
2106,40,20130.0,2n Cycle,Married,0,0,5,6.8,1.4286,34,99,105,34.0
10364,55,23295.0,Graduation,Divorced,0,0,4,5.0,0.3409,20,72,352,20.0
5954,42,42618.0,Master,Divorced,1,0,11,17.45,1.25,192,92,264,191.95
1137,50,81246.0,Graduation,Single,0,0,17,81.12,2.7869,1379,87,183,1379.05
2541,38,24027.0,Graduation,Married,1,0,7,6.86,0.544,48,7,386,48.02
1142,61,55707.0,PhD,Married,0,1,16,26.75,2.5263,428,91,190,428.0
2276,59,57959.0,Graduation,Single,0,1,27,32.15,1.9104,868,71,424,868.06
2807,45,56796.0,Graduation,Married,0,1,27,37.07,1.6232,1001,24,499,1000.86
6471,43,36230.0,Master,Single,1,0,7,8.43,0.8203,59,17,256,59.01
6131,34,70829.0,2n Cycle,Married,1,1,16,26.94,2.2749,431,87,211,431.04
6233,38,65991.0,Graduation,Married,0,1,27,35.96,1.2254,971,21,661,970.91
4148,42,38988.0,Graduation,Married,1,2,19,18.32,0.8395,348,90,679,348.09
4947,48,89572.0,2n Cycle,Single,0,0,24,85.79,1.1026,2059,44,653,2058.95
3225,30,42207.0,Master,Married,1,0,14,18.93,0.9231,265,71,455,265.03
7540,62,50300.0,Graduation,Married,0,1,13,20.77,10.8333,270,52,36,270.01
10648,32,66664.0,2n Cycle,Together,0,0,19,67.84,0.8865,1289,78,643,1289.0
1992,50,60597.0,Graduation,Married,0,1,16,55.81,2.6667,893,2,180,892.97
7851,65,70165.0,Graduation,Widow,0,0,22,42.09,2.3488,926,60,281,926.0
8594,56,50520.0,PhD,Widow,0,1,9,15.0,1.7647,135,25,153,135.0
7059,51,80124.0,Graduation,Married,0,0,19,78.68,142.5,1495,47,4,1494.92
2815,39,33183.0,Graduation,Married,1,0,9,13.33,2.1429,120,46,126,119.97
2416,45,66582.0,PhD,Single,0,0,20,64.4,5.042,1288,83,119,1288.0
7999,59,75261.0,PhD,Together,0,0,17,102.53,1.1778,1743,17,433,1742.97
9213,44,31880.0,Graduation,Widow,1,0,4,3.75,0.1977,15,13,607,15.0
9697,63,53790.0,Graduation,Married,0,2,20,27.1,5.1724,542,86,116,542.0
3916,43,49269.0,PhD,Together,1,0,25,35.6,1.0965,890,92,684,890.01
2021,39,61456.0,Graduation,Married,0,1,33,42.06,2.1522,1388,47,460,1388.0
1581,34,37406.0,Graduation,Married,1,0,4,4.25,0.4563,17,18,263,17.0
564,33,56937.0,PhD,Together,1,0,30,30.2,1.295,906,81,695,906.03
6619,36,38415.0,Graduation,Married,1,1,6,7.33,0.3309,44,91,544,43.98
9081,26,20518.0,Graduation,Single,1,0,5,5.0,3.4884,25,58,43,25.0
178,58,62503.0,Graduation,Married,0,1,26,37.42,1.5694,973,40,497,972.91
916,42,41644.0,PhD,Single,1,1,6,5.17,3.4615,31,67,52,31.02
5512,37,55842.0,Master,Married,0,1,17,30.47,13.4211,518,19,38,517.99
8970,42,62010.0,PhD,Married,0,1,19,27.89,0.9268,530,93,615,529.89
10581,37,41124.0,Graduation,Married,1,0,21,24.1,1.0379,506,41,607,506.1
5300,41,38961.0,Master,Married,1,0,6,11.67,0.989,70,60,182,70.02
5154,42,37760.0,Master,Divorced,1,0,6,9.0,0.5573,54,54,323,54.0
8346,40,32233.0,Graduation,Single,1,0,12,24.67,0.5294,296,26,680,296.03
1676,39,43057.0,Graduation,Married,0,1,15,17.73,1.8519,266,30,243,265.96
9286,54,83151.0,Master,Together,0,0,19,39.32,0.9076,747,93,628,747.04
2426,50,78825.0,PhD,Divorced,0,0,29,30.86,1.3303,895,35,654,894.96
5172,38,65104.0,Master,Together,0,1,17,61.94,2.2368,1053,4,228,1052.96
5562,40,60093.0,Graduation,Married,0,1,21,35.0,1.7073,735,92,369,734.99
3436,45,14045.0,Graduation,Married,1,0,5,4.0,0.9677,20,24,155,20.0
3921,62,28457.0,2n Cycle,Widow,0,0,10,20.5,0.4918,205,96,610,205.0
3403,56,78952.0,PhD,Together,0,1,21,99.62,0.9783,2092,11,644,2092.1
22,38,46310.0,Graduation,Divorced,1,0,14,22.07,0.7317,309,99,574,308.98
10965,59,76005.0,Graduation,Together,0,0,22,78.27,1.3387,1722,72,493,1721.89
9426,50,58308.0,Master,Single,0,1,15,60.0,0.8427,900,77,534,900.0
6605,70,55614.0,PhD,Divorced,0,0,20,34.1,2.7907,682,85,215,682.0
3136,52,59432.0,Master,Divorced,0,1,22,30.14,1.4898,663,88,443,663.06
8737,36,55563.0,Graduation,Divorced,0,1,6,7.17,2.093,43,22,86,43.02
11088,43,78642.0,PhD,Together,0,1,18,100.89,1.2414,1816,83,435,1816.05
716,65,67911.0,PhD,Together,0,1,27,36.15,20.7692,976,63,39,976.05
466,70,65275.0,Graduation,Married,0,0,21,35.52,1.3907,746,9,453,745.9
9135,64,27203.0,Graduation,Together,1,1,6,10.67,0.2597,64,92,693,64.01
10623,53,48330.0,Master,Together,0,1,5,6.4,0.6608,32,2,227,32.0
8151,24,24279.0,Basic,Married,0,0,9,29.22,0.4927,263,6,548,262.98
5140,29,64355.0,PhD,Married,1,0,21,68.81,0.9333,1445,66,675,1444.96
10160,58,50943.0,Master,Together,0,1,5,9.2,0.4011,46,49,374,46.0
4945,61,53653.0,Graduation,Widow,0,0,28,43.21,1.4,1210,29,600,1209.88
10584,38,65665.0,Graduation,Married,0,1,24,39.38,3.4286,945,77,210,945.13
6071,25,81217.0,Graduation,Single,0,0,22,52.59,1.9075,1157,77,346,1156.97
3386,22,34935.0,Graduation,Married,0,0,8,17.12,0.6417,137,71,374,136.96
8939,55,61250.0,Graduation,Divorced,0,1,25,29.2,1.3369,730,49,561,730.0
9925,33,39665.0,PhD,Together,1,0,12,18.0,0.8978,216,97,401,216.01
4320,35,60152.0,Graduation,Single,0,1,23,41.0,1.5033,943,6,459,943.02
5389,50,48920.0,Graduation,Married,0,2,16,21.69,1.8972,347,93,253,347.03
6036,55,89120.0,Master,Together,0,0,19,101.26,5.4286,1924,78,105,1923.95
182,68,44124.0,PhD,Together,0,1,17,23.35,1.2289,397,62,415,396.94
203,39,81169.0,Master,Single,0,0,22,94.95,1.4932,2089,47,442,2088.88
11025,53,36443.0,Graduation,Married,1,1,11,12.55,0.6445,138,9,512,138.04
10203,24,26095.0,Graduation,Single,1,0,5,8.4,0.411,42,77,365,42.0
4607,55,71367.0,Graduation,Together,0,0,17,45.71,1.6399,777,24,311,777.08
3711,70,80184.0,Master,Married,0,0,20,95.1,4.9587,1902,19,121,1902.01
3696,49,30630.0,Graduation,Divorced,1,1,7,7.43,1.3636,52,67,154,52.01
2532,27,73454.0,Master,Single,0,0,13,127.0,3.2231,1651,95,121,1650.98
9214,23,42691.0,Graduation,Married,0,0,13,27.54,1.2264,358,48,318,358.02
4943,61,70503.0,Graduation,Married,0,0,16,107.94,0.7524,1727,73,638,1727.15
35,27,25545.0,Graduation,Married,1,0,10,21.0,0.4545,210,35,660,209.98
2258,28,32880.0,Graduation,Married,1,0,5,8.4,0.2618,42,76,573,42.0
4322,56,77863.0,PhD,Together,0,0,20,64.55,2.7907,1291,20,215,1291.0
713,37,50353.0,Master,Married,0,0,15,29.47,20.4545,442,72,22,442.05
4702,50,61839.0,Graduation,Single,0,0,17,111.47,0.7424,1895,20,687,1895.1
3281,54,49154.0,PhD,Married,1,1,19,21.63,2.3849,411,69,239,410.96
702,39,47682.0,2n Cycle,Widow,0,1,19,27.42,1.14,521,80,500,520.98
2004,45,72679.0,Graduation,Single,0,1,17,68.71,1.7895,1168,65,285,1168.09
4769,37,57954.0,Master,Together,1,1,23,21.43,57.5,493,52,12,492.89
4437,52,65316.0,Graduation,Married,1,1,12,21.67,0.8333,260,65,432,260.03
8724,32,28567.0,Graduation,Single,1,0,7,6.57,0.5556,46,57,378,45.99
10741,63,47352.0,Master,Together,0,1,16,19.94,1.0787,319,70,445,319.05
1991,47,44931.0,Graduation,Together,0,1,7,13.71,1.2883,96,0,163,95.97
6931,47,76982.0,Graduation,Divorced,0,0,16,66.38,3.5556,1062,19,135,1062.09
11096,62,57247.0,2n Cycle,Together,0,1,12,19.33,1.1043,232,50,326,231.96
304,33,22944.0,Master,Single,1,0,9,8.44,1.4286,76,67,189,75.96
3665,37,25315.0,2n Cycle,Together,1,0,9,6.0,1.1489,54,46,235,54.0
10591,45,43638.0,Graduation,Widow,0,1,11,18.27,0.4762,201,37,693,200.97
5036,30,42710.0,PhD,Single,1,0,14,29.0,0.7254,406,38,579,406.01
5547,32,84169.0,PhD,Married,0,0,20,95.95,1.8349,1919,9,327,1919.04
7822,38,54058.0,Graduation,Together,0,1,20,33.1,1.5345,662,56,391,661.99
8541,24,24683.0,2n Cycle,Married,1,0,8,5.12,2.1053,41,98,114,40.96
10955,50,85620.0,Graduation,Widow,0,0,14,114.29,2.4138,1600,68,174,1600.06
4368,34,47850.0,Graduation,Married,1,0,8,16.75,1.1483,134,72,209,134.0
9671,46,19514.0,Graduation,Married,1,1,10,6.9,1.9355,69,47,155,69.0
2256,41,27159.0,Master,Married,1,1,6,3.5,1.9355,21,33,93,21.0
4279,51,39548.0,2n Cycle,Single,1,1,7,7.71,2.3077,54,87,91,53.97
5371,25,21474.0,Graduation,Single,1,0,8,11.38,2.8916,91,0,83,91.04
9240,43,60504.0,PhD,Single,0,1,18,29.22,3.7762,526,73,143,525.96
9460,51,22419.0,Graduation,Married,0,0,8,20.25,0.5479,162,74,438,161.99
9504,65,81698.0,Master,Married,0,0,25,40.32,3.178,1008,4,236,1008.01
8692,62,43462.0,Graduation,Together,1,1,16,15.0,0.7317,240,50,656,240.0
448,36,54880.0,PhD,Single,1,0,21,37.86,1.2963,795,57,486,795.06
8314,32,79908.0,Graduation,Married,0,0,19,93.26,1.2639,1772,30,451,1772.0
8420,44,15315.0,2n Cycle,Married,0,0,8,8.0,0.7251,64,27,331,64.0
3174,55,87771.0,Graduation,Together,0,1,20,97.85,1.4851,1957,61,404,1956.94
7685,36,33039.0,Graduation,Married,1,0,7,11.14,0.7143,78,4,294,77.98
3179,34,81741.0,Graduation,Single,0,0,19,82.74,1.504,1572,75,379,1572.1
9780,43,71499.0,Master,Together,0,1,26,30.58,2.1081,795,12,370,795.08
10681,44,62466.0,2n Cycle,Married,0,1,26,34.19,4.6988,889,13,166,888.94
10232,51,48799.0,PhD,Divorced,0,1,15,22.07,1.8987,331,9,237,331.04
4184,64,52157.0,PhD,Together,0,1,12,22.08,15.6522,265,48,23,264.96
9120,52,66565.0,Graduation,Single,0,1,19,56.05,0.9965,1065,80,572,1064.95
891,63,29298.0,Master,Together,1,1,4,2.75,0.4054,11,60,296,11.0
10381,35,47691.0,Graduation,Single,0,1,4,5.25,0.3333,21,43,360,21.0
3525,44,38200.0,Graduation,Together,1,1,4,4.25,0.2105,17,19,570,17.0
6818,40,44989.0,Graduation,Married,0,1,16,23.06,0.7317,369,26,656,368.96
3526,46,38443.0,PhD,Married,1,1,6,6.33,1.1688,38,58,154,37.98
8181,36,38593.0,2n Cycle,Single,1,0,11,16.09,1.1379,177,42,290,176.99
1029,44,64413.0,PhD,Together,0,1,12,23.25,1.0811,279,27,333,279.0
7369,33,36959.0,Master,Married,1,0,7,8.86,0.7749,62,56,271,62.02
2574,37,61996.0,PhD,Married,0,1,21,58.57,1.2233,1230,27,515,1229.97
8159,46,51287.0,Graduation,Married,1,1,11,16.55,3.6667,182,10,90,182.05
1160,44,13260.0,Graduation,Married,1,1,10,4.9,0.9646,49,48,311,49.0
10242,48,47472.0,PhD,Together,1,1,8,9.38,0.8362,75,39,287,75.04
5253,58,54603.0,Master,Together,1,1,16,14.19,1.3483,227,85,356,227.04
5966,40,45207.0,PhD,Married,1,1,15,14.33,0.7538,215,64,597,214.96
5314,63,40689.0,Graduation,Together,0,1,20,22.2,1.2793,444,69,469,443.99
5081,47,47821.0,2n Cycle,Together,1,1,5,9.4,0.5929,47,54,253,47.0
5123,63,27450.0,Master,Married,0,0,7,20.43,0.4762,143,57,441,143.01
5756,31,39453.0,Graduation,Together,1,0,7,7.86,2.3864,55,64,88,55.02
8036,43,26850.0,2n Cycle,Together,1,1,11,5.73,4.5205,63,10,73,63.03
9058,59,79800.0,Graduation,Widow,0,0,22,84.86,1.0233,1867,65,645,1867.0
5057,53,61794.0,Master,Married,0,1,20,30.55,2.0761,611,74,289,610.99
254,59,53863.0,Graduation,Together,0,1,18,26.28,12.2727,473,4,44,473.04
4179,55,24221.0,Graduation,Together,0,0,6,9.17,0.5732,55,94,314,55.02
3710,30,39684.0,PhD,Single,1,0,7,11.57,0.3355,81,41,626,81.0
7627,39,92163.0,Master,Married,0,0,21,99.33,1.115,2086,25,565,2085.85
4501,49,69882.0,Master,Single,0,0,20,73.9,2.5862,1478,94,232,1478.0
6424,37,33178.0,Graduation,Together,1,0,5,9.8,0.9934,49,9,151,49.0
3075,42,59973.0,PhD,Married,0,0,15,25.47,1.5411,382,47,292,382.05
4992,39,17459.0,Master,Together,1,0,9,7.67,0.9507,69,12,284,69.03
5252,45,23910.0,Graduation,Divorced,1,0,6,11.17,0.2941,67,80,612,67.02
7444,45,42169.0,Master,Married,1,1,6,5.0,0.7087,30,20,254,30.0
6919,36,26224.0,2n Cycle,Married,1,0,9,7.0,0.6905,63,39,391,63.0
3537,33,31089.0,Graduation,Together,1,0,10,7.9,0.4399,79,57,682,79.0
10277,53,30081.0,Graduation,Single,0,1,5,8.4,0.3036,42,27,494,41.99
2453,54,62807.0,Graduation,Together,0,1,23,35.61,1.0329,819,83,668,819.0
7972,59,72906.0,Graduation,Single,0,0,17,67.71,1.7832,1151,79,286,1151.06
895,66,61467.0,PhD,Married,0,2,20,29.7,1.0563,594,69,568,593.98
1177,48,49618.0,Master,Together,1,1,11,11.73,0.6346,129,77,520,129.03
7141,28,21888.0,Master,Single,1,0,12,17.75,0.6569,213,15,548,212.99
7232,41,42429.0,Graduation,Widow,0,1,7,9.57,1.5108,67,99,139,66.99
8477,58,26150.0,Graduation,Divorced,2,1,5,5.6,0.3151,28,61,476,28.0
2457,39,30801.0,Basic,Married,0,1,6,7.5,0.2941,45,23,612,45.0
988,49,81168.0,Graduation,Married,0,0,18,66.28,10.0,1193,84,54,1193.04
7930,45,26877.0,Master,Single,0,0,12,22.33,1.1429,268,74,315,267.97
4587,70,45006.0,Master,Widow,0,0,12,22.17,1.0375,266,90,347,266.05
6682,41,18978.0,Basic,Married,1,0,5,7.4,0.265,37,41,566,37.0
6222,47,22574.0,Graduation,Married,2,1,7,5.29,0.8571,37,28,245,37.03
10299,45,48240.0,PhD,Single,0,0,25,35.28,1.2542,882,73,598,882.01
3083,40,45837.0,Graduation,Married,1,1,18,20.72,1.5929,373,88,339,372.96
8953,49,35791.0,Master,Single,2,1,6,5.83,0.4286,35,94,420,34.98
1503,38,162397.0,PhD,Together,1,1,1,107.0,0.0765,107,31,392,106.96
8650,36,54162.0,Graduation,Widow,1,1,5,8.4,0.3198,42,31,469,42.0
10862,54,30522.0,Master,Married,0,1,17,19.18,0.7478,326,6,682,326.06
2782,53,54456.0,PhD,Married,0,1,17,23.76,1.4407,404,23,354,403.93
6941,43,31632.0,Graduation,Single,0,0,6,15.83,0.5128,95,92,351,94.98
10972,65,72298.0,Graduation,Widow,0,0,14,67.07,3.75,939,52,112,938.98
10708,36,36975.0,2n Cycle,Single,1,0,5,6.6,0.8152,33,50,184,33.0
6583,59,72635.0,2n Cycle,Married,0,0,21,46.71,1.6071,981,54,392,980.88
3641,38,13624.0,Graduation,Married,1,0,7,5.14,0.3992,36,93,526,35.98
10156,39,84196.0,Graduation,Single,0,1,20,61.85,1.5306,1237,56,392,1236.99
4299,54,70971.0,Graduation,Together,0,1,34,53.68,1.5765,1825,28,647,1825.11
3469,37,34487.0,PhD,Divorced,1,1,9,11.44,0.4079,103,94,662,102.97
5063,37,28769.0,Graduation,Single,1,0,12,15.92,0.644,191,76,559,191.04
10727,44,69084.0,PhD,Married,1,0,25,63.44,3.3632,1586,43,223,1585.99
9624,56,65488.0,PhD,Together,0,0,14,68.79,24.7059,963,46,17,963.06
5156,44,62466.0,2n Cycle,Married,0,1,26,34.19,4.6988,889,13,166,888.94
4376,54,32218.0,2n Cycle,Single,0,0,7,13.29,1.5556,93,27,135,93.03
8923,41,83917.0,Graduation,Single,0,0,21,75.57,1.4384,1587,12,438,1587.02
8461,52,46102.0,Graduation,Divorced,2,1,4,4.0,1.0714,16,3,112,16.0
6945,62,84574.0,Graduation,Single,0,0,32,42.97,2.4552,1375,72,391,1375.02
944,52,56181.0,Graduation,Married,0,1,14,28.07,0.7807,393,6,538,393.0
1907,64,63120.0,Master,Divorced,0,1,26,56.81,1.2188,1477,53,640,1477.12
701,43,73691.0,Graduation,Married,0,1,18,65.5,2.2881,1179,58,236,1178.98
3856,54,63381.0,Graduation,Together,0,1,26,38.65,1.2322,1005,78,633,1004.88
4149,66,76140.0,PhD,Together,0,0,21,64.19,13.125,1348,57,48,1347.99
2131,55,62859.0,PhD,Divorced,0,1,23,56.83,1.2614,1307,37,547,1307.06
2942,50,45906.0,Graduation,Single,0,1,15,32.4,1.074,486,20,419,486.01
1173,67,77632.0,Master,Together,0,0,13,173.23,0.8176,2252,73,477,2251.96
4381,43,46463.0,PhD,Married,1,1,17,13.82,1.6139,235,56,316,234.94
4611,44,105471.0,Graduation,Together,0,0,30,57.47,1.7143,1724,36,525,1724.11
3376,44,55282.0,Master,Divorced,1,0,11,21.36,1.6583,235,9,199,234.96
4679,37,78710.0,Master,Married,0,1,28,39.0,22.1053,1092,42,38,1092.0
10928,56,66886.0,Graduation,Together,0,1,17,35.24,1.777,599,28,287,599.08
4248,54,98777.0,Master,Single,0,0,19,105.68,4.2857,2008,23,133,2007.91
6728,29,29103.0,Graduation,Together,1,0,6,8.0,0.2679,48,38,672,48.01
6661,40,67445.0,Graduation,Married,0,1,32,36.69,1.3974,1174,63,687,1174.1
4725,64,50616.0,PhD,Together,0,1,7,9.57,2.6923,67,71,78,66.99
3277,59,49431.0,Graduation,Divorced,0,1,15,24.33,0.6466,365,9,696,364.98
5555,39,153924.0,Graduation,Divorced,0,0,0,,0.0,6,81,143,0.0
2564,61,61278.0,Graduation,Together,0,1,10,16.5,1.6949,165,87,177,165.0
946,56,26490.0,2n Cycle,Together,0,0,11,19.09,0.5108,210,92,646,209.98
3867,67,73059.0,PhD,Together,0,1,26,42.12,2.5743,1095,36,303,1095.14
6940,48,46734.0,PhD,Single,1,2,12,18.58,1.4286,223,86,252,222.96
55,51,56253.0,Graduation,Together,0,1,22,27.14,1.1579,597,83,570,597.08
7093,29,19986.0,Graduation,Married,1,0,4,5.5,0.5263,22,74,228,22.0
5084,39,58330.0,Graduation,Widow,0,1,24,44.33,3.8503,1064,87,187,1063.93
1777,34,25965.0,Basic,Married,0,0,6,12.33,0.2723,74,29,661,73.98
8162,58,14661.0,Master,Together,0,0,5,5.2,0.2752,26,88,545,26.0
10826,55,18690.0,Graduation,Married,0,0,5,12.0,0.2732,60,77,549,59.99
8754,40,45068.0,PhD,Together,0,1,4,5.0,0.2927,20,25,410,20.0
1987,27,21063.0,Basic,Single,1,0,7,8.43,0.7554,59,34,278,59.01
11007,46,29187.0,PhD,Married,1,0,5,6.8,0.3597,34,43,417,34.0
7426,43,54690.0,2n Cycle,Married,1,1,12,16.5,1.5319,198,76,235,198.0
9153,50,59304.0,PhD,Married,0,1,28,37.43,2.5,1048,81,336,1048.04
10379,52,59247.0,Master,Single,0,2,21,27.33,2.6923,574,87,234,573.93
9204,44,66731.0,Graduation,Widow,0,1,17,60.53,0.7774,1029,33,656,1028.96
3197,34,77353.0,Graduation,Married,0,1,20,33.5,3.0612,670,38,196,669.99
2920,39,52614.0,PhD,Single,0,1,16,61.88,0.8333,990,63,576,990.04
6961,40,26751.0,Graduation,Married,2,0,4,2.75,3.0769,11,26,39,11.0
4673,51,81300.0,PhD,Married,0,1,21,59.1,1.0362,1241,17,608,1241.12
9937,35,70337.0,Graduation,Single,0,0,17,33.88,2.8492,576,75,179,575.97
8779,29,36145.0,2n Cycle,Married,1,0,12,14.33,0.9499,172,13,379,171.97
9596,34,65295.0,PhD,Single,0,0,20,33.2,3.1746,664,19,189,664.0
2891,51,68118.0,Graduation,Divorced,0,1,23,40.35,2.7059,928,51,255,928.06
4910,47,68743.0,Graduation,Divorced,0,0,30,69.13,1.3453,2074,81,669,2073.91
75,32,41039.0,2n Cycle,Together,0,0,15,31.13,1.3235,467,32,340,466.94
10120,59,38946.0,Graduation,Together,0,1,12,21.42,1.4458,257,84,249,257.04
6327,47,65777.0,Graduation,Together,0,0,17,67.41,2.6425,1146,87,193,1145.98
10142,38,66476.0,PhD,Divorced,0,1,20,34.45,1.25,689,99,480,689.0
9826,42,86857.0,PhD,Single,0,0,22,96.09,1.0061,2114,96,656,2113.99
1501,32,160803.0,PhD,Married,0,0,44,39.02,1.8993,1717,21,695,1716.9
10767,25,77845.0,PhD,Together,0,0,21,64.1,14.0,1346,40,45,1346.1
7279,45,69476.0,PhD,Together,0,0,15,69.6,1.6484,1044,3,273,1044.03
7230,54,50611.0,PhD,Divorced,0,1,22,22.41,1.041,493,98,634,493.02
143,44,61209.0,Graduation,Single,0,0,13,73.62,1.2621,957,73,309,957.03
450,56,42315.0,Master,Together,0,1,12,22.5,1.0198,270,90,353,269.99
9316,62,13084.0,Basic,Together,0,0,5,5.8,0.625,29,29,240,29.0
6379,65,47570.0,Master,Widow,1,1,9,13.44,0.6801,121,3,397,120.96
9239,53,61923.0,Master,Married,0,2,8,15.75,0.708,126,94,339,126.01
8315,19,34824.0,Graduation,Single,0,0,4,5.75,1.25,23,65,96,23.0
2868,65,26518.0,PhD,Single,1,1,8,7.12,0.5357,57,33,448,56.96
10888,53,45938.0,Graduation,Single,0,0,20,31.8,2.5105,636,46,239,636.01
1277,54,78468.0,Graduation,Together,0,0,28,35.86,10.2439,1004,29,82,1004.08
9977,41,78901.0,Graduation,Divorced,0,1,20,36.7,2.0979,734,99,286,734.0
10196,36,71427.0,Graduation,Married,2,0,20,30.7,5.4545,614,26,110,613.99
6384,36,71022.0,Graduation,Divorced,0,1,21,69.19,4.5324,1453,30,139,1453.0
8029,26,90247.0,Master,Single,0,0,15,108.07,7.2581,1621,27,62,1621.06
968,46,41335.0,Master,Divorced,1,0,12,15.58,1.9355,187,24,186,186.96
6988,28,71952.0,Graduation,Married,1,0,22,65.59,1.2313,1443,93,536,1442.93
4472,44,35682.0,PhD,Divorced,1,0,6,9.5,60.0,57,34,3,57.0
6991,63,43185.0,Graduation,Divorced,0,1,20,31.85,1.3453,637,88,446,637.0
3336,66,66375.0,PhD,Together,0,1,14,67.71,1.9005,948,96,221,947.96
4301,43,35178.0,Master,Married,1,0,5,11.8,0.2799,59,10,536,59.01
1940,28,25252.0,Graduation,Married,1,0,4,4.5,0.3399,18,26,353,18.0
1272,49,55250.0,Master,Single,0,1,26,34.73,1.2642,903,49,617,902.99
1388,39,33249.0,Graduation,Single,1,0,8,14.0,0.4848,112,11,495,111.99
1044,61,58398.0,Graduation,Together,0,0,20,29.8,1.4563,596,44,412,596.0
6969,32,50272.0,Graduation,Together,1,0,13,17.92,1.1927,233,75,327,232.97
10479,39,76618.0,PhD,Married,0,0,11,137.36,0.5789,1511,64,570,1510.84
3619,54,87305.0,2n Cycle,Divorced,0,0,17,67.76,0.7907,1152,19,645,1151.92
1715,36,25851.0,Graduation,Together,1,0,7,6.86,0.4167,48,45,504,48.02
10159,44,58710.0,Graduation,Divorced,0,1,31,38.23,2.0395,1185,77,456,1185.15
1463,56,45160.0,Graduation,Single,1,1,4,5.25,1.2903,21,9,93,21.0
5114,49,74806.0,Master,Married,0,1,16,60.31,0.8602,965,1,558,964.94
4990,60,59111.0,Graduation,Married,0,0,21,41.38,1.4858,869,90,424,868.95
4329,30,18988.0,PhD,Married,1,0,6,2.67,4.7368,16,43,38,16.02
10936,49,72190.0,Graduation,Married,0,0,16,121.69,0.9562,1947,79,502,1947.09
4692,38,7500.0,Graduation,Married,1,0,12,5.92,0.5158,71,19,698,71.05
7212,48,44794.0,Graduation,Married,0,1,6,10.83,8.1818,65,99,22,64.98
6086,59,80395.0,Graduation,Married,0,0,24,57.5,3.2877,1380,62,219,1380.01
437,38,75012.0,Master,Divorced,0,0,23,44.65,4.4231,1027,41,156,1026.96
11171,49,56962.0,Master,Married,2,1,21,19.57,2.4046,411,60,262,410.97
11101,23,89891.0,Graduation,Together,0,0,26,32.15,1.7687,836,17,441,835.9
5329,65,35946.0,PhD,Divorced,1,1,4,2.75,0.4348,11,24,276,11.0
610,61,53593.0,PhD,Together,1,1,23,20.87,0.9971,480,60,692,480.01
9384,36,66373.0,Graduation,Married,1,1,23,26.35,1.8016,606,57,383,606.06
5956,66,45072.0,PhD,Divorced,1,2,16,17.75,1.8677,284,74,257,284.0
10430,41,89694.0,Graduation,Divorced,1,1,14,105.14,1.5909,1472,22,264,1471.95
7875,65,72025.0,Graduation,Married,0,0,26,64.5,12.5806,1677,46,62,1676.99
7072,41,67432.0,Graduation,Married,0,1,19,70.26,1.2445,1335,69,458,1334.9
6255,62,70545.0,Master,Together,0,1,13,25.69,14.4444,334,29,27,333.97
6516,25,17487.0,Basic,Married,1,0,4,4.5,0.2559,18,37,469,18.0
5564,45,62882.0,Graduation,Together,0,1,20,66.9,0.8696,1338,26,690,1338.05
5682,61,64108.0,PhD,Single,0,1,30,36.63,1.9397,1099,8,464,1098.93
7458,58,34941.0,Master,Together,1,1,8,12.12,0.499,97,26,481,96.97
5237,64,48767.0,PhD,Single,1,2,9,7.0,1.5,63,79,180,63.0
7761,36,38702.0,2n Cycle,Together,1,0,9,12.11,0.8108,109,71,333,108.99
5278,50,82224.0,Graduation,Married,0,0,21,42.95,4.0385,902,83,156,901.96
3560,62,83844.0,Graduation,Together,0,0,20,78.7,1.4493,1574,57,414,1574.03
7235,39,17003.0,2n Cycle,Married,1,0,9,4.22,1.33,38,37,203,37.98
10548,19,71163.0,Graduation,Single,0,0,24,40.0,6.3717,960,30,113,960.0
2281,44,33697.0,Graduation,Single,1,0,4,7.0,0.4167,28,34,288,28.0
4073,60,63564.0,2n Cycle,Married,0,0,28,43.39,5.5263,1215,0,152,1214.92
6974,42,83443.0,PhD,Together,0,0,22,68.05,3.6464,1497,89,181,1497.1
7938,56,51518.0,PhD,Together,0,1,17,26.41,1.8889,449,92,270,448.97
7094,39,58330.0,Graduation,Widow,0,1,24,44.33,3.8503,1064,87,187,1063.93
3667,45,80952.0,Graduation,Married,0,0,25,70.28,1.54,1757,20,487,1756.95
7723,35,75507.0,Graduation,Together,0,0,21,68.57,10.678,1440,56,59,1439.97
3870,36,63855.0,2n Cycle,Together,0,0,24,41.92,1.4229,1006,28,506,1006.06
4012,42,62220.0,PhD,Together,0,1,23,53.3,1.0029,1226,55,688,1225.89
5909,50,58512.0,Graduation,Married,0,1,20,58.55,2.1127,1171,25,284,1171.01
10470,35,40662.0,Master,Married,1,0,8,11.5,0.5085,92,0,472,92.0
6488,55,38829.0,PhD,Married,0,1,8,12.38,2.8235,99,86,85,99.04
10270,33,35523.0,2n Cycle,Married,1,0,8,8.25,0.8889,66,8,270,66.0
6887,47,79146.0,Graduation,Single,1,1,19,29.68,8.5075,564,33,67,563.92
6406,26,78285.0,Master,Married,0,0,21,67.95,2.5714,1427,13,245,1426.93
7573,36,31626.0,PhD,Single,1,0,6,14.33,0.4327,86,12,416,85.98
4508,62,75127.0,Graduation,Single,0,0,19,43.84,14.6154,833,92,39,832.96
221,59,48726.0,Graduation,Married,0,1,12,20.17,0.8392,242,90,429,242.05
5331,37,74985.0,Graduation,Married,0,0,17,109.94,0.7763,1869,8,657,1869.09
1911,27,67430.0,Graduation,Together,0,0,29,47.03,1.3122,1364,6,663,1363.85
20,49,46891.0,2n Cycle,Married,0,1,8,22.88,0.7947,183,91,302,183.04
8786,58,62058.0,Master,Married,0,1,18,25.0,1.35,450,52,400,450.0
10582,35,72063.0,Graduation,Married,0,1,21,36.1,1.7403,758,3,362,758.09
1915,63,78939.0,PhD,Married,0,0,20,75.35,3.0,1507,57,200,1507.0
8897,49,42720.0,Graduation,Single,1,1,25,26.16,1.7361,654,9,432,654.0
2371,42,33622.0,Graduation,Married,1,1,9,9.0,0.6095,81,22,443,81.0
4303,57,6835.0,PhD,Together,0,1,1,137.0,0.0527,137,76,569,136.94
6825,61,41452.0,Graduation,Together,1,1,4,4.0,0.2495,16,86,481,16.0
1072,49,40760.0,PhD,Single,0,1,8,11.62,0.7895,93,64,304,92.96
4964,56,74250.0,PhD,Together,0,0,18,64.33,3.4839,1158,90,155,1157.95
2461,59,51124.0,Master,Single,1,1,6,7.17,0.9278,43,79,194,43.02
10736,43,72258.0,Graduation,Single,0,1,22,69.32,2.268,1525,28,291,1525.01
3194,40,71466.0,PhD,Single,0,0,19,64.74,6.6279,1230,86,86,1230.06
10839,38,36283.0,Graduation,Together,1,1,6,4.83,2.3377,29,42,77,28.98
49,44,20587.0,Graduation,Single,1,0,5,5.0,3.0,25,39,50,25.0
4290,42,30467.0,Graduation,Married,1,0,4,6.0,1.165,24,8,103,24.0
10219,42,31590.0,Graduation,Together,1,0,5,7.6,0.3979,38,40,377,38.0
4211,28,20425.0,Basic,Married,1,0,7,8.14,0.3448,57,5,609,56.98
1135,54,17144.0,Master,Together,1,1,12,3.92,2.6667,47,96,135,47.04
6299,46,42564.0,PhD,Divorced,0,1,24,33.88,1.3235,813,28,544,813.1
10846,36,43783.0,Master,Married,1,0,22,28.59,20.625,629,22,32,628.98
347,38,40780.0,Graduation,Divorced,0,1,17,22.18,0.7727,377,30,660,377.05
6543,69,62847.0,Master,Together,0,0,14,115.14,0.791,1612,45,531,1612.04
10446,57,82017.0,PhD,Married,0,0,17,42.88,0.85,729,58,600,728.96
3479,64,16813.0,Graduation,Single,0,0,6,8.33,0.5202,50,49,346,49.98
11075,36,51267.0,Graduation,Married,1,1,15,18.0,1.8443,270,37,244,270.01
4442,53,46524.0,Graduation,Single,0,1,9,19.67,0.5987,177,70,451,177.04
199,52,45183.0,Master,Single,0,0,13,24.23,0.7414,315,33,526,314.97
6722,60,70421.0,PhD,Married,0,1,23,33.35,345.0,767,98,2,767.05
796,49,60161.0,2n Cycle,Divorced,0,1,26,41.19,1.2683,1071,17,615,1070.95
3749,41,73926.0,Graduation,Together,0,0,24,65.83,1.4845,1580,54,485,1579.88
8523,46,19329.0,Graduation,Married,1,0,10,6.0,1.5152,60,39,198,60.0
310,44,61872.0,Master,Married,0,1,21,27.29,3.1658,573,81,199,573.08
8629,58,46984.0,Graduation,Widow,1,1,5,8.2,0.3254,41,71,461,41.0
236,63,34838.0,Graduation,Married,1,1,10,17.0,0.5693,170,62,527,170.01
9930,70,82716.0,PhD,Single,0,0,28,41.68,3.5443,1167,8,237,1167.04
3483,56,48192.0,Graduation,Married,0,0,25,61.04,1.6667,1526,76,450,1526.03
4599,38,49681.0,Master,Married,0,2,21,21.81,2.6471,458,66,238,458.02
7326,43,56850.0,Master,Married,0,1,6,10.5,1.8182,63,83,99,63.0
7352,57,55267.0,Graduation,Married,0,1,17,23.82,2.0238,405,28,252,404.94
2350,42,59666.0,Graduation,Married,1,1,20,51.35,1.2903,1027,87,465,1026.98
9145,42,72504.0,Graduation,Single,0,1,22,67.18,1.4667,1478,43,450,1477.99
2964,33,26872.0,Graduation,Married,0,0,5,14.4,0.5837,72,0,257,72.01
5585,42,21359.0,Graduation,Single,1,0,7,6.86,0.4817,48,1,436,48.02
9687,39,73170.0,Graduation,Single,0,0,16,45.38,16.0,726,1,30,726.08
3732,59,52750.0,Master,Married,0,1,27,31.85,1.5851,860,72,511,859.94
6303,28,91820.0,PhD,Together,0,0,22,68.05,3.0137,1497,72,219,1497.1
11176,44,65968.0,PhD,Together,0,1,18,27.5,11.0204,495,12,49,495.0
2986,38,30772.0,Graduation,Married,1,1,4,5.0,1.0909,20,89,110,20.0
7462,60,22507.0,Graduation,Single,0,0,19,30.0,0.9777,570,67,583,570.0
3900,42,65685.0,Graduation,Married,0,1,21,36.62,6.7742,769,54,93,769.02
7034,36,25804.0,2n Cycle,Married,1,0,7,7.86,0.6954,55,34,302,55.02
9493,34,76412.0,PhD,Single,0,0,18,100.44,1.2827,1808,15,421,1807.98
1143,42,22063.0,Graduation,Married,1,0,7,7.86,0.6442,55,43,326,55.02
1,53,57091.0,Graduation,Single,0,0,18,32.06,36.0,577,0,15,577.08
3855,51,22419.0,Graduation,Married,0,0,8,20.25,0.5479,162,74,438,161.99
5536,55,87771.0,Graduation,Together,0,1,20,97.85,1.4851,1957,61,404,1956.94
5989,55,78353.0,2n Cycle,Divorced,0,1,24,65.67,1.6364,1576,51,440,1576.12
9499,60,93404.0,Graduation,Married,1,2,17,95.06,1.2172,1616,97,419,1616.04
6768,52,37859.0,Graduation,Divorced,1,2,6,6.0,0.3371,36,75,534,36.0
2150,56,80995.0,PhD,Widow,0,1,22,67.36,1.5904,1482,83,415,1481.96
6646,30,16529.0,Graduation,Together,1,0,5,4.4,1.2397,22,23,121,22.0
4887,38,55412.0,PhD,Divorced,1,1,6,10.5,0.8182,63,65,220,63.0
8560,22,48789.0,Graduation,Single,0,0,18,37.78,0.8207,680,94,658,680.07
3321,47,56575.0,PhD,Together,0,2,20,27.1,1.4252,542,42,421,542.01
11003,34,25130.0,2n Cycle,Together,1,0,7,7.14,0.7749,50,10,271,49.98
10402,47,35441.0,Graduation,Married,1,1,6,6.5,0.3593,39,94,501,39.0
9904,58,71391.0,Graduation,Married,0,1,28,37.25,1.8341,1043,50,458,1043.02
6141,42,49494.0,Master,Single,1,0,14,27.5,0.9745,385,46,431,385.01
5687,34,81702.0,Graduation,Divorced,0,0,27,60.48,1.2558,1633,98,645,1632.94
10856,34,45889.0,2n Cycle,Single,0,1,5,9.2,0.4132,46,42,363,46.0
5121,37,56628.0,Graduation,Single,0,1,20,38.05,5.9406,761,30,101,761.0
4186,64,34026.0,Graduation,Together,1,1,9,8.44,0.8207,76,11,329,75.96
368,40,40049.0,Graduation,Married,0,1,14,20.71,0.7266,290,61,578,289.92
3312,26,34176.0,Graduation,Single,1,0,11,8.09,6.7347,89,12,49,88.99
11121,33,19419.0,Graduation,Married,1,0,11,6.36,0.5528,70,76,597,69.96
5332,54,82504.0,2n Cycle,Married,0,0,17,62.71,1.5089,1066,2,338,1066.09
5848,44,81205.0,Graduation,Together,0,0,19,105.74,3.3929,2009,43,168,2009.09
10343,23,61618.0,2n Cycle,Single,0,0,19,70.79,0.892,1345,27,639,1344.98
5935,58,55284.0,Master,Single,0,1,23,33.22,1.2477,764,60,553,764.04
2895,51,49980.0,Graduation,Single,0,1,11,17.73,1.32,195,79,250,195.03
10262,34,15072.0,Graduation,Married,2,0,11,4.82,0.7933,53,96,416,53.02
7848,40,49166.0,Graduation,Single,0,1,13,28.31,1.0209,368,17,382,368.01
9477,60,65324.0,PhD,Married,0,1,20,27.2,3.5294,544,0,170,544.0
4856,57,82347.0,2n Cycle,Married,0,0,25,74.12,1.2479,1853,38,601,1852.97
7186,48,30843.0,PhD,Together,1,1,6,5.83,5.1429,35,43,35,34.98
5794,40,46374.0,PhD,Married,0,1,18,24.78,5.1429,446,1,105,446.04
1456,35,60474.0,Graduation,Single,0,1,31,38.06,2.044,1180,25,455,1179.89
4877,41,38576.0,Master,Married,0,1,5,8.2,1.2712,41,2,118,41.0
425,29,55357.0,Graduation,Married,2,0,22,33.05,1.3306,727,66,496,727.08
3007,48,37758.0,Graduation,Together,1,1,6,6.67,0.2839,40,49,634,40.02
1031,25,85710.0,2n Cycle,Married,0,0,26,40.85,1.8527,1062,5,421,1062.08
4297,45,23228.0,Graduation,Together,1,0,7,5.71,1.3548,40,71,155,39.97
807,45,44602.0,Master,Together,1,1,17,17.18,3.7778,292,35,135,292.06
9553,27,7500.0,Graduation,Married,0,0,4,3.75,0.2235,15,94,537,15.0
4271,25,38683.0,2n Cycle,Together,1,0,17,20.06,0.8044,341,80,634,341.01
4120,39,49514.0,2n Cycle,Single,1,0,13,28.38,2.0,369,61,195,368.94
2036,41,57906.0,PhD,Together,0,1,17,23.59,1.3281,401,29,384,401.02
115,48,43456.0,Master,Single,0,1,17,23.12,1.1063,393,0,461,393.04
4259,28,19485.0,Master,Single,2,0,4,2.5,0.4301,10,80,279,10.0
8687,36,53172.0,Graduation,Together,0,1,16,30.38,1.1429,486,54,420,486.1
2447,35,30545.0,Graduation,Together,1,0,7,9.86,0.3382,69,71,621,69.03
10140,31,70123.0,PhD,Together,0,0,17,101.59,1.8545,1727,27,275,1726.99
9353,55,62450.0,Graduation,Single,0,1,16,62.19,2.7429,995,61,175,995.06
3623,38,21675.0,Graduation,Together,1,0,10,4.5,15.7895,45,55,19,45.0
738,33,42395.0,2n Cycle,Single,1,1,12,15.17,4.1379,182,35,87,182.04
7631,36,61346.0,Master,Together,1,0,23,43.0,2.5843,989,34,267,989.01
4789,61,80812.0,Graduation,Together,0,0,18,93.17,1.8881,1677,95,286,1677.05
773,43,42835.0,Master,Divorced,1,1,23,25.87,1.8904,595,64,365,595.01
10602,31,39922.0,Graduation,Married,1,0,9,17.33,0.5389,156,30,501,155.96
1446,58,86424.0,Master,Single,0,0,28,43.79,9.7674,1226,12,86,1226.11
3270,36,17117.0,2n Cycle,Together,1,0,11,11.64,0.6238,128,96,529,128.04
8443,42,24762.0,Graduation,Single,1,0,9,9.56,1.9286,86,16,140,86.04
9653,39,35797.0,Graduation,Married,0,1,7,9.71,0.3376,68,16,622,67.97
8916,39,36627.0,Graduation,Divorced,2,0,4,4.0,0.3509,16,78,342,16.0
8017,33,51111.0,2n Cycle,Married,1,1,7,7.86,19.0909,55,83,11,55.02
5830,42,86857.0,PhD,Single,0,0,22,96.09,1.0061,2114,96,656,2113.99
4597,44,82072.0,PhD,Together,0,0,19,106.21,1.5702,2018,67,363,2017.93
7023,61,46231.0,PhD,Single,2,1,15,17.53,0.7745,263,87,581,262.94
8086,55,42243.0,Graduation,Married,1,1,7,7.86,1.0448,55,34,201,55.02
8825,52,51195.0,Graduation,Together,1,1,24,23.5,1.5824,564,46,455,563.99
2930,36,68092.0,Master,Single,0,0,20,64.05,3.0612,1281,7,196,1280.99
1928,41,31814.0,Graduation,Married,1,0,7,11.86,0.415,83,73,506,83.02
7108,49,51390.0,Master,Widow,1,1,18,19.61,0.8182,353,54,660,352.99
10925,31,76630.0,Graduation,Married,0,0,25,40.12,4.491,1003,93,167,1003.0
9960,23,26868.0,Basic,Single,1,0,4,3.5,1.9672,14,52,61,14.0
8800,71,48948.0,PhD,Divorced,0,0,24,37.58,1.4008,902,53,514,901.93
9224,42,55260.0,PhD,Single,0,1,25,45.56,1.3274,1139,81,565,1138.97
5519,58,64090.0,Graduation,Together,0,1,20,39.85,1.8349,797,8,327,797.02
5046,56,78331.0,Graduation,Divorced,0,1,25,65.52,4.7468,1638,97,158,1637.99
7037,40,37087.0,PhD,Married,1,0,17,23.59,1.5789,401,50,323,401.02
905,28,21846.0,Graduation,Divorced,1,0,11,7.64,1.3147,84,38,251,84.04
8624,56,81320.0,Graduation,Married,0,0,18,51.56,1.0609,928,61,509,928.08
8945,44,54137.0,Graduation,Divorced,0,1,11,18.45,1.0377,203,46,318,202.94
6445,47,66825.0,Graduation,Together,0,0,16,53.62,1.3675,858,73,351,857.91
2727,41,57100.0,Graduation,Together,0,0,13,31.46,1.875,409,19,208,408.98
6404,45,58917.0,Graduation,Together,1,2,16,17.62,1.0367,282,10,463,281.92
11074,37,85072.0,Graduation,Single,0,0,18,79.06,6.5854,1423,94,82,1423.09
10150,53,86429.0,Graduation,Single,0,0,18,80.5,2.4434,1449,10,221,1448.98
1968,43,45684.0,Graduation,Widow,1,0,4,7.0,0.5714,28,37,210,28.0
6534,40,47889.0,Graduation,Together,1,0,6,11.17,1.0169,67,94,177,67.02
9485,28,45921.0,PhD,Married,0,0,10,19.9,2.6786,199,23,112,199.0
7053,48,78420.0,PhD,Single,0,0,22,66.05,1.8033,1453,75,366,1453.12
4654,22,75114.0,Graduation,Together,0,0,19,65.95,2.4255,1253,40,235,1253.03
9760,51,52278.0,PhD,Widow,0,1,31,38.65,1.785,1198,24,521,1198.13
1048,42,35641.0,Master,Married,1,0,10,17.8,0.8547,178,11,351,178.0
10619,20,95529.0,Graduation,Single,0,0,18,110.56,0.9408,1990,29,574,1990.15
9308,60,62820.0,Graduation,Married,0,0,14,69.71,1.012,976,51,415,975.89
10505,54,73113.0,Master,Together,0,0,15,66.73,2.4194,1001,86,186,1000.97
8362,32,84169.0,PhD,Married,0,0,20,95.95,1.8349,1919,9,327,1919.04
2625,60,42607.0,2n Cycle,Single,0,1,14,25.0,1.8667,350,30,225,350.01
4637,60,74637.0,PhD,Single,0,0,25,66.0,1.8382,1650,73,408,1649.97
9972,59,46015.0,PhD,Together,1,1,5,9.2,1.9231,46,25,78,46.0
4483,21,72354.0,Graduation,Single,0,0,19,64.63,1.2984,1228,67,439,1227.96
4487,45,39858.0,Master,Single,1,0,7,13.57,0.4023,95,67,522,94.99
4988,66,34469.0,PhD,Married,1,1,9,6.89,4.7368,62,58,57,62.01
8931,28,83033.0,Graduation,Together,1,0,26,67.73,18.1395,1761,82,43,1760.98
5871,35,24401.0,Master,Together,0,0,16,29.19,0.7186,467,98,668,467.06
2008,36,77583.0,Graduation,Married,0,0,19,60.47,4.0714,1149,93,140,1148.92
3139,32,74116.0,2n Cycle,Single,0,0,19,108.0,3.1319,2052,53,182,2052.02
10037,21,74293.0,Graduation,Single,0,0,16,70.44,8.4211,1127,66,57,1127.05
10673,38,68397.0,PhD,Married,0,1,21,67.43,2.8,1416,6,225,1416.03
5303,40,79632.0,PhD,Together,0,0,20,55.65,7.2289,1113,42,83,1113.0
538,25,46107.0,Graduation,Single,1,0,7,17.86,1.5,125,78,140,125.02
7922,63,64950.0,PhD,Single,0,1,25,38.64,1.0917,966,29,687,966.0
5692,25,25443.0,Basic,Married,1,0,5,6.4,0.2703,32,82,555,32.0
4843,62,75127.0,Graduation,Single,0,0,19,43.84,14.6154,833,92,39,832.96
6383,43,32892.0,PhD,Together,1,0,8,5.75,6.6667,46,78,36,46.0
1628,43,71796.0,Graduation,Together,0,0,17,56.47,2.0482,960,54,249,959.99
1204,44,67536.0,PhD,Married,0,1,30,60.97,2.2277,1829,45,404,1829.08
3673,43,55239.0,Graduation,Single,0,1,26,29.96,2.2222,779,59,351,778.95
760,39,60554.0,PhD,Divorced,1,0,23,35.26,2.1231,811,8,325,810.99
8957,62,64831.0,2n Cycle,Single,1,1,22,50.91,1.7143,1120,51,385,1120.03
4128,52,56067.0,PhD,Together,0,1,20,36.25,1.7391,725,51,345,724.99
6810,31,82025.0,Graduation,Divorced,0,0,12,98.92,0.9045,1187,76,398,1187.01
5386,61,94384.0,Graduation,Together,0,0,18,127.89,1.118,2302,62,483,2301.99
8700,28,14906.0,Basic,Single,0,0,9,7.33,0.4865,66,86,555,65.97
3202,27,51563.0,PhD,Married,0,0,19,65.79,0.8948,1250,60,637,1249.98
1328,32,57937.0,2n Cycle,Married,0,1,20,34.15,4.4776,683,56,134,683.0
8405,35,68274.0,Graduation,Divorced,1,1,13,23.46,1.4286,305,83,273,304.99
6515,37,39771.0,Graduation,Together,1,0,6,8.33,0.8738,50,92,206,49.98
2882,39,67893.0,2n Cycle,Divorced,0,1,16,62.19,0.7535,995,31,637,995.0
7574,35,27922.0,PhD,Together,1,0,6,6.83,3.5294,41,80,51,40.98
6387,38,52190.0,PhD,Together,1,1,9,8.56,5.0943,77,39,53,77.04
5320,41,44051.0,Master,Divorced,1,1,12,14.25,0.6963,171,20,517,170.99
5048,43,42767.0,PhD,Single,2,0,7,18.71,0.506,131,53,415,130.96
8146,38,46106.0,Master,Together,1,1,5,10.8,3.0,54,84,50,54.0
10031,38,16927.0,PhD,Married,1,1,12,4.42,0.7129,53,50,505,53.04
5748,49,59754.0,Graduation,Married,0,1,16,29.69,0.8333,475,96,576,475.02
2134,62,53700.0,Graduation,Single,0,1,22,31.55,0.9677,694,94,682,694.07
1523,41,59041.0,Graduation,Married,1,1,8,12.0,4.4444,96,25,54,96.0
9665,57,54237.0,PhD,Divorced,0,1,16,22.56,1.1189,361,48,429,360.97
4640,47,70647.0,Graduation,Divorced,0,1,26,41.5,1.2056,1079,65,647,1079.03
3635,52,52597.0,PhD,Single,0,1,20,28.9,11.1111,578,69,54,578.0
3547,45,41021.0,Master,Together,1,0,7,9.14,0.3839,64,12,547,63.98
2456,39,40233.0,PhD,Married,0,1,13,11.46,1.5058,149,84,259,148.98
5633,34,50183.0,Graduation,Married,1,1,17,13.59,102.0,231,47,5,231.03
7801,55,54753.0,Graduation,Together,0,1,21,34.67,2.1649,728,87,291,728.05
10489,41,92955.0,Graduation,Married,0,0,23,77.3,2.1905,1778,35,315,1777.92
7011,41,33471.0,Graduation,Married,1,0,10,9.3,0.4792,93,47,626,92.99
2620,40,34596.0,PhD,Married,1,0,4,5.75,0.2709,23,48,443,23.0
3933,34,44010.0,Graduation,Together,1,0,24,27.58,1.152,662,46,625,661.92
10981,26,84219.0,Graduation,Married,0,0,18,66.56,3.6486,1198,27,148,1198.06
1734,46,40706.0,PhD,Together,2,1,11,7.36,0.6238,81,37,529,80.96
10995,26,15716.0,2n Cycle,Married,1,0,10,9.2,0.5042,92,8,595,92.0
6357,55,59052.0,2n Cycle,Divorced,0,1,18,27.28,2.4,491,29,225,491.04
9209,43,80573.0,Master,Together,0,0,24,65.17,1.1538,1564,85,624,1564.02
10286,52,83715.0,Graduation,Married,0,0,24,38.58,4.898,926,2,147,925.93
2611,55,82576.0,Master,Together,0,0,19,100.53,0.8166,1910,66,698,1910.03
1600,49,56962.0,Master,Married,2,1,21,19.57,2.4046,411,60,262,410.97
3308,62,35704.0,Graduation,Married,1,1,9,10.44,1.5169,94,54,178,93.96
5407,60,53103.0,Graduation,Together,0,1,28,38.75,2.8866,1085,70,291,1085.0
2166,54,46779.0,2n Cycle,Widow,1,1,4,5.75,0.3399,23,55,353,23.0
3955,49,4861.0,Graduation,Divorced,0,0,0,,0.0,6,20,8,0.0
6634,35,33462.0,Master,Divorced,1,0,6,9.0,0.5505,54,78,327,54.0
3056,36,63693.0,Graduation,Divorced,0,1,29,39.66,3.3591,1150,63,259,1150.15
5718,64,80763.0,Graduation,Married,0,0,23,61.52,2.163,1415,17,319,1414.95
6872,40,65352.0,PhD,Married,0,1,16,25.31,1.5335,405,43,313,404.95
8164,36,82170.0,PhD,Married,0,0,19,100.42,2.6267,1908,13,217,1907.96
4580,45,75759.0,Graduation,Married,0,0,26,95.62,3.1452,2486,46,248,2486.15
9305,38,79689.0,2n Cycle,Single,0,0,27,48.7,1.9565,1315,65,414,1314.89
453,58,35340.0,PhD,Widow,1,1,7,6.43,210.0,45,1,1,45.01
8545,60,85683.0,Graduation,Divorced,0,0,17,105.24,5.0495,1789,6,101,1789.08
9850,42,24884.0,2n Cycle,Married,1,0,4,4.75,0.2076,19,32,578,19.0
7378,33,42021.0,Master,Together,1,0,22,26.05,0.988,573,34,668,573.09
7646,25,64449.0,Graduation,Single,1,0,24,33.54,5.4545,805,70,132,804.95
1640,60,64587.0,Graduation,Divorced,1,1,8,13.5,30.0,108,49,8,108.0
5184,19,34824.0,Graduation,Single,0,0,4,5.75,1.25,23,65,96,23.0
8492,36,75437.0,Graduation,Together,0,0,23,64.91,2.9614,1493,25,233,1492.94
11188,57,26091.0,Graduation,Together,1,1,9,9.89,2.16,89,84,125,89.01
1212,41,52845.0,Graduation,Married,1,0,25,37.44,2.3364,936,7,321,935.98
9097,58,46086.0,Graduation,Divorced,0,1,16,21.44,2.0084,343,34,239,343.05
10473,58,78028.0,PhD,Widow,0,1,20,26.4,0.9119,528,38,658,528.03
7962,27,95169.0,PhD,Single,0,0,12,158.42,1.3636,1901,1,264,1900.99
9984,33,56337.0,2n Cycle,Married,1,1,22,32.91,1.4348,724,25,460,724.03
5527,27,22434.0,Graduation,Together,1,0,7,8.29,0.4183,58,25,502,58.03
6374,60,36930.0,PhD,Married,0,1,16,18.56,1.1736,297,50,409,296.96
7453,60,36130.0,Graduation,Single,0,1,21,23.24,1.2281,488,46,513,488.05
8952,61,65569.0,Master,Married,0,1,23,37.35,1.1462,859,96,602,859.07
241,62,83844.0,Graduation,Together,0,0,20,78.7,1.4493,1574,57,414,1574.03
8975,46,19514.0,Graduation,Married,1,1,10,6.9,1.9355,69,47,155,69.0
6119,51,36736.0,PhD,Single,1,1,4,4.25,0.2885,17,52,416,17.0
5236,35,77568.0,Graduation,Together,0,1,21,104.48,0.9347,2194,30,674,2194.04
5723,38,49187.0,PhD,Together,0,1,8,14.5,1.4118,116,63,170,116.0
1710,36,30168.0,Graduation,Single,1,0,18,15.5,1.125,279,51,480,279.0
1970,46,34053.0,Master,Together,0,1,7,14.71,0.3191,103,14,658,102.95
5313,43,38196.0,Master,Married,1,1,9,4.89,3.6986,44,20,73,44.01
10634,63,59412.0,Master,Married,0,0,15,27.07,6.25,406,56,72,406.05
7010,49,70924.0,2n Cycle,Married,0,0,20,68.15,7.1429,1363,41,84,1363.01
8562,45,54165.0,Graduation,Together,0,0,11,21.45,0.8291,236,72,398,235.94
3158,41,32300.0,Graduation,Married,1,0,5,7.8,0.2762,39,1,543,38.99
4436,38,20180.0,Graduation,Single,0,0,8,17.12,0.4848,137,27,495,136.95
5287,41,34961.0,Graduation,Married,1,0,10,7.9,27.2727,79,77,11,79.0
2445,40,28440.0,PhD,Together,1,0,6,10.5,0.5028,63,87,358,63.0
6059,61,64504.0,PhD,Together,1,2,25,52.56,1.5528,1314,81,483,1314.0
4550,48,33564.0,Master,Together,0,1,6,11.83,30.0,71,51,6,70.98
4240,36,17345.0,Graduation,Married,1,0,7,8.29,0.3477,58,79,604,58.03
8911,47,56320.0,PhD,Married,0,1,21,33.43,1.4062,702,11,448,702.01
3706,36,28647.0,Graduation,Single,1,0,7,13.43,0.6709,94,54,313,94.01
3628,27,15038.0,Basic,Single,1,0,7,11.43,0.4062,80,93,517,80.01
10175,56,32173.0,PhD,Divorced,0,1,5,4.4,0.4505,22,0,333,22.0
8985,50,68316.0,2n Cycle,Together,0,1,32,37.84,1.592,1211,54,603,1210.85
5204,43,74538.0,Graduation,Together,0,0,22,66.41,1.8033,1461,21,366,1461.04
9220,43,91700.0,Graduation,Single,0,0,20,98.4,1.1342,1968,58,529,1967.97
9888,45,68695.0,Graduation,Together,0,0,16,68.19,96.0,1091,3,5,1091.04
5263,37,31056.0,2n Cycle,Married,1,0,5,11.0,0.2863,55,99,524,55.01
1020,41,79593.0,Graduation,Married,0,0,19,71.89,11.6327,1366,70,49,1365.92
9503,34,28071.0,Graduation,Single,0,0,13,24.08,0.5821,313,65,670,313.05
10613,56,37334.0,PhD,Together,1,1,11,5.64,2.6613,62,44,124,62.04
67,42,46423.0,Master,Single,1,1,9,10.22,0.9474,92,6,285,91.98
6019,43,37126.0,PhD,Married,1,0,6,12.0,1.9565,72,9,92,72.0
5863,61,47703.0,Graduation,Married,0,1,21,31.19,1.5869,655,95,397,654.99
3717,55,61180.0,Graduation,Married,0,1,18,39.11,7.9412,704,70,68,703.98
6730,60,38998.0,Graduation,Married,1,1,8,6.75,0.3974,54,92,604,54.01
10749,23,8028.0,Graduation,Single,0,0,16,11.12,0.7385,178,62,650,177.93
4998,52,76081.0,Graduation,Together,0,0,14,73.79,11.0526,1033,85,38,1033.06
6287,28,34728.0,Graduation,Together,1,0,5,7.2,0.4478,36,2,335,36.0
5985,49,33168.0,Master,Single,0,1,10,12.2,0.48,122,0,625,122.0
4754,48,33585.0,Master,Married,0,1,7,17.43,0.7554,122,91,278,122.01
4002,54,77037.0,PhD,Married,0,1,27,41.59,3.1154,1123,3,260,1122.94
8870,30,35196.0,Graduation,Together,1,0,18,27.61,0.9091,497,68,594,496.98
966,48,44529.0,Graduation,Married,0,1,25,27.64,2.0833,691,98,360,690.99
4767,49,70924.0,2n Cycle,Married,0,0,20,68.15,7.1429,1363,41,84,1363.01
9725,48,28764.0,PhD,Together,1,1,4,3.0,4.8,12,16,25,12.0
4475,65,69098.0,PhD,Married,0,0,25,97.6,1.503,2440,82,499,2439.99
5740,44,25959.0,2n Cycle,Divorced,1,1,7,8.0,0.4192,56,1,501,56.01
5731,31,27100.0,Master,Married,1,0,5,7.4,0.3326,37,64,451,37.0
7290,29,70596.0,Graduation,Single,0,0,21,46.1,0.9953,968,68,633,968.14
3846,40,42557.0,Graduation,Married,0,1,15,18.0,0.6716,270,98,670,269.98
8104,63,53312.0,PhD,Married,0,0,12,23.17,1.1077,278,32,325,278.04
4507,62,72228.0,Graduation,Single,0,0,22,56.82,1.1379,1250,87,580,1250.01
11013,27,67605.0,Graduation,Together,0,0,17,55.18,1.1184,938,84,456,938.04
4491,65,62845.0,Master,Married,1,1,28,42.07,1.3187,1178,3,637,1177.98
3759,56,65196.0,Graduation,Together,0,2,26,44.42,2.2941,1155,34,340,1154.91
1162,27,42000.0,PhD,Single,0,0,20,32.65,1.1194,653,23,536,653.0
2055,41,35860.0,PhD,Divorced,1,1,6,8.17,4.2857,49,37,42,49.02
10766,50,65526.0,PhD,Married,0,1,17,29.76,6.375,506,22,80,505.92
4415,53,16860.0,Graduation,Married,1,1,8,4.75,0.3659,38,19,656,38.0
3005,22,83528.0,Graduation,Single,0,0,23,71.74,11.5,1650,7,60,1650.02
2223,49,64176.0,2n Cycle,Divorced,0,1,33,55.33,1.4224,1826,52,696,1825.87
4817,58,22304.0,Graduation,Divorced,0,0,4,4.5,0.1727,18,91,695,18.0
2875,36,67023.0,Graduation,Married,0,0,24,37.75,6.1017,906,93,118,906.0
10536,43,32892.0,PhD,Together,1,0,8,5.75,6.6667,46,78,36,46.0
11112,48,70713.0,Graduation,Together,0,1,25,59.08,1.3066,1477,23,574,1476.98
3807,59,59925.0,Graduation,Together,0,1,23,33.3,1.1958,766,83,577,765.87
9197,61,39722.0,Graduation,Married,0,1,7,6.71,1.6667,47,92,126,46.97
10832,56,46610.0,Graduation,Together,0,0,14,33.36,1.2104,467,4,347,467.05
6421,53,88347.0,Graduation,Together,0,0,21,100.76,1.7403,2116,32,362,2115.92
4207,33,87171.0,PhD,Married,0,0,25,51.92,1.7647,1298,27,425,1298.0
577,38,26907.0,2n Cycle,Together,1,1,6,3.67,0.5732,22,10,314,22.02
10855,46,50014.0,Master,Single,1,0,15,26.4,2.8302,396,9,159,396.0
3081,36,41014.0,PhD,Married,1,0,4,5.0,0.2765,20,65,434,20.0
3535,49,66294.0,Graduation,Single,0,0,13,74.38,3.7143,967,68,105,966.94
247,43,36715.0,Graduation,Married,1,0,19,18.79,0.9661,357,16,590,357.01
8707,58,79456.0,Graduation,Married,0,0,16,87.56,0.709,1401,12,677,1400.94
9523,32,40479.0,Graduation,Together,1,0,4,3.75,0.3785,15,95,317,15.0
6072,44,75345.0,Master,Single,0,0,20,104.35,1.1696,2087,16,513,2087.02
6295,37,54233.0,Graduation,Married,0,1,26,37.73,1.5264,981,46,511,980.97
10914,44,24163.0,Graduation,Single,1,1,6,2.83,0.6897,17,3,261,16.98
1509,56,84460.0,PhD,Together,0,0,22,23.77,1.2177,523,80,542,522.93
5577,31,43776.0,Graduation,Together,1,0,4,5.75,2.069,23,77,58,23.0
7348,56,71691.0,PhD,Single,0,0,17,70.12,4.8571,1192,0,105,1192.03
1127,41,85844.0,PhD,Married,0,0,20,97.9,18.75,1958,62,32,1958.0
1833,40,39190.0,PhD,Single,1,0,9,14.78,4.1538,133,91,65,133.02
4944,55,71367.0,Graduation,Together,0,0,17,45.71,1.6399,777,24,311,777.08
9080,42,38578.0,PhD,Single,1,1,9,8.11,0.7239,73,2,373,72.99
6466,49,57236.0,PhD,Married,1,1,10,12.1,2.7273,121,22,110,121.0
9964,35,61825.0,Graduation,Single,0,1,15,28.27,1.3761,424,56,327,424.04
4790,56,79803.0,Graduation,Divorced,0,1,13,66.77,13.9286,868,54,28,868.01
10245,28,80910.0,2n Cycle,Single,0,0,15,50.4,0.7414,756,71,607,756.05
1109,32,27590.0,Master,Together,1,0,4,3.0,0.2771,12,38,433,12.0
6001,35,56775.0,Graduation,Married,0,1,25,37.48,1.3787,937,62,544,937.02
5538,39,83829.0,Graduation,Divorced,0,0,17,109.53,1.9245,1862,78,265,1861.98
10552,35,54210.0,2n Cycle,Married,0,1,14,26.21,1.0345,367,18,406,366.95
1545,28,38508.0,Graduation,Married,1,0,20,22.15,1.8072,443,95,332,442.99
7409,44,53187.0,Graduation,Together,1,0,13,20.54,1.5789,267,66,247,267.01
4444,42,30023.0,Graduation,Married,1,0,6,10.17,1.8367,61,28,98,61.02
146,54,76045.0,PhD,Single,0,0,21,63.0,2.7753,1323,78,227,1322.99
6271,62,50870.0,PhD,Married,0,1,6,10.5,16.3636,63,13,11,63.0
10065,44,15315.0,2n Cycle,Married,0,0,8,8.0,0.7251,64,27,331,64.0
4741,40,65463.0,2n Cycle,Married,1,0,19,29.58,3.7748,562,17,151,562.01
246,49,66480.0,Graduation,Married,1,1,19,16.42,19.0,312,71,30,311.98
375,60,76773.0,Graduation,Divorced,0,0,16,72.25,0.9796,1156,79,490,1156.01
1524,31,81698.0,2n Cycle,Single,0,0,16,69.0,0.9877,1104,1,486,1104.05
10022,41,54466.0,PhD,Single,1,1,4,4.0,0.8511,16,78,141,16.0
7451,54,98777.0,Master,Single,0,0,19,105.68,4.2857,2008,23,133,2007.91
11010,30,16269.0,PhD,Single,1,0,9,4.89,0.8882,44,75,304,44.01
4356,43,71819.0,Graduation,Together,0,1,14,112.43,1.3725,1574,70,306,1573.96
3885,31,33569.0,PhD,Married,1,0,5,12.6,0.5837,63,10,257,63.0
1175,31,36262.0,Master,Married,0,0,12,35.5,1.2721,426,24,283,426.01
880,48,22634.0,Basic,Together,0,0,6,16.0,0.3396,96,47,530,95.99
2320,36,47025.0,2n Cycle,Married,0,1,23,27.61,2.3711,635,98,291,635.02
850,46,70566.0,Graduation,Single,0,1,22,34.41,2.4719,757,4,267,757.02
4713,35,31605.0,PhD,Married,1,0,9,13.89,0.4615,125,15,585,125.0
675,41,52034.0,Master,Divorced,1,1,16,20.75,1.1736,332,67,409,332.0
5025,35,48526.0,Graduation,Single,1,0,8,16.88,1.2766,135,32,188,135.04
2308,60,46734.0,Graduation,Married,0,1,14,23.57,0.7131,330,40,589,329.99
5995,52,39552.0,Graduation,Divorced,1,1,20,19.2,1.0733,384,54,559,383.98
6749,48,86358.0,Graduation,Single,1,1,18,95.67,0.7815,1722,78,691,1722.11
1010,37,46931.0,Graduation,Together,2,1,7,11.14,3.1343,78,94,67,77.98
8977,29,16581.0,Basic,Single,0,0,4,6.0,0.2247,24,51,534,24.0
4756,62,63998.0,2n Cycle,Divorced,0,0,25,46.72,3.9062,1168,42,192,1167.99
3412,63,67381.0,Master,Married,0,1,17,56.29,0.9605,957,67,531,956.98
606,47,25930.0,Graduation,Single,1,1,4,3.75,0.4563,15,87,263,15.0
5961,36,42693.0,Graduation,Married,1,0,5,11.4,6.5217,57,29,23,57.0
2975,38,85606.0,Graduation,Together,0,1,24,81.5,1.2101,1956,89,595,1956.03
2894,29,72903.0,Graduation,Single,0,0,21,95.86,2.582,2013,74,244,2013.09
7613,40,49669.0,2n Cycle,Together,1,0,14,23.29,11.3514,326,97,37,326.06
10542,46,36778.0,PhD,Married,1,1,9,8.56,0.389,77,63,694,77.03
8015,52,85696.0,PhD,Divorced,0,0,20,65.65,1.4184,1313,88,423,1312.96
10617,25,10979.0,Master,Divorced,0,0,8,3.75,6.1538,30,34,39,30.0
11166,53,49678.0,Graduation,Married,0,1,14,22.5,0.8187,315,81,513,314.99
849,61,56129.0,Master,Together,0,1,22,30.0,1.76,660,65,375,660.0
523,25,37155.0,Graduation,Married,1,0,7,10.57,0.4078,74,51,515,74.0
4066,36,21282.0,2n Cycle,Divorced,1,0,7,6.57,4.2,46,76,50,45.99
8414,52,33419.0,PhD,Single,0,1,8,10.75,0.7571,86,76,317,86.0
819,69,63285.0,Graduation,Widow,0,0,25,44.12,3.1646,1103,84,237,1103.02
4961,40,21255.0,Master,Together,1,0,11,5.55,2.0625,61,56,160,61.05
749,33,42162.0,Graduation,Together,1,0,9,16.11,1.2108,145,31,223,144.99
5430,58,54450.0,Graduation,Together,1,1,31,22.06,1.422,684,0,654,683.85
7755,60,57744.0,PhD,Married,0,1,16,25.69,2.087,411,91,230,411.05
10525,28,26576.0,Graduation,Single,1,0,4,6.75,0.192,27,40,625,27.0
1453,71,57513.0,PhD,Widow,0,0,27,39.26,2.2563,1060,59,359,1060.04
8310,50,68142.0,Graduation,Together,0,1,24,60.79,1.0746,1459,96,670,1458.92
10710,35,7500.0,Graduation,Married,0,1,4,4.5,0.1791,18,61,670,18.0
5031,40,83145.0,Graduation,Together,0,0,26,70.5,1.2074,1833,14,646,1832.95
2613,54,54197.0,Master,Married,0,1,12,19.75,4.0909,237,16,88,237.0
213,51,23091.0,PhD,Single,1,1,10,4.8,9.0909,48,98,33,48.0
967,38,46049.0,Graduation,Married,1,1,26,19.81,2.2674,515,11,344,515.05
1077,40,56715.0,Graduation,Together,0,0,15,68.0,0.7867,1020,52,572,1019.98
7959,53,79410.0,Graduation,Married,0,0,11,124.55,10.3125,1370,19,32,1370.05
640,63,57304.0,Graduation,Married,0,1,25,41.04,1.5756,1026,61,476,1025.98
4252,49,44375.0,Graduation,Married,0,1,12,25.08,3.6364,301,73,99,300.96
8432,58,54450.0,Graduation,Together,1,1,31,22.06,1.422,684,0,654,683.85
6218,49,59594.0,Graduation,Married,0,1,17,29.35,0.8252,499,74,618,498.92
6905,20,80685.0,Graduation,Together,0,0,21,47.81,0.9306,1004,55,677,1004.04
5922,40,40344.0,PhD,Married,0,1,12,18.17,1.3846,218,48,260,218.04
3598,42,62710.0,Graduation,Married,0,1,22,27.55,1.6377,606,53,403,606.09
6116,46,48985.0,2n Cycle,Married,0,1,6,12.5,0.5,75,13,360,75.0
6263,46,35322.0,Graduation,Together,1,2,9,11.78,0.3988,106,34,677,106.02
10486,66,77142.0,Graduation,Married,0,0,17,58.24,1.2846,990,54,397,990.05
2410,45,81657.0,Graduation,Single,0,0,16,68.56,3.0189,1097,69,159,1096.97
193,18,14421.0,Basic,Married,0,0,4,4.0,0.9023,16,81,133,16.0
3363,40,20130.0,2n Cycle,Married,0,0,5,6.8,1.4286,34,99,105,34.0
8278,24,74214.0,PhD,Married,0,0,16,106.94,0.7132,1711,3,673,1710.98
10660,57,66726.0,Master,Married,1,1,17,25.76,3.0178,438,61,169,437.93
8686,35,23724.0,Basic,Together,1,0,7,10.71,0.3903,75,65,538,74.96
1604,54,47353.0,Master,Married,0,1,13,17.31,1.7031,225,93,229,225.04
5907,62,33444.0,Master,Married,1,1,4,4.5,0.1987,18,24,604,18.0
10669,33,54386.0,Graduation,Married,0,1,17,27.65,1.2469,470,8,409,470.03
2918,33,28510.0,Graduation,Divorced,1,1,9,10.11,0.6095,91,72,443,90.99
5735,23,90638.0,Master,Single,0,0,18,140.28,3.9416,2525,29,137,2525.04
359,64,48070.0,Graduation,Together,0,1,19,26.53,1.0694,504,33,533,504.06
8387,57,43140.0,Graduation,Married,0,1,11,21.36,0.61,235,68,541,234.97
1829,53,54959.0,PhD,Divorced,0,1,21,58.67,1.1954,1232,55,527,1232.02
3839,56,15056.0,Basic,Single,1,1,12,7.33,0.8511,88,76,423,87.96
9392,43,26954.0,Graduation,Single,1,0,4,4.25,2.2642,17,17,53,17.0
2292,29,22327.0,Graduation,Single,1,0,5,4.8,0.4518,24,94,332,24.0
10466,49,44393.0,Graduation,Married,1,1,7,8.57,0.6731,60,86,312,59.99
9855,62,62000.0,PhD,Single,0,1,26,39.23,2.5243,1020,25,309,1019.99
4088,52,31497.0,PhD,Together,0,1,10,15.5,0.5254,155,22,571,155.0
5231,40,45894.0,2n Cycle,Married,0,2,5,10.2,1.2195,51,15,123,51.0
590,44,78579.0,Master,Divorced,0,0,16,113.25,0.8649,1812,35,555,1812.07
8732,45,67369.0,Master,Widow,0,1,25,58.44,1.2712,1461,81,590,1461.02
2315,54,58401.0,Graduation,Divorced,0,1,6,16.0,2.5352,96,55,71,96.0
3515,62,62307.0,Graduation,Single,0,1,9,17.78,2.0301,160,94,133,160.02
2245,45,43641.0,Master,Married,1,1,10,13.9,0.6912,139,50,434,138.99
6283,46,63841.0,Master,Divorced,0,1,22,41.27,1.5172,908,64,435,907.92
2246,49,46891.0,2n Cycle,Married,0,1,8,22.88,0.7947,183,91,302,183.04
6606,45,70091.0,Master,Married,1,0,19,61.11,1.25,1161,11,456,1161.09
5545,42,78075.0,PhD,Married,0,0,14,70.57,4.8837,988,72,86,987.98
7342,53,59184.0,2n Cycle,Widow,0,1,27,39.7,1.2291,1072,6,659,1071.87
837,37,54809.0,Graduation,Married,1,1,12,14.5,1.2329,174,0,292,174.0
9500,55,58113.0,Graduation,Married,0,1,22,34.45,1.2668,758,66,521,757.9
3602,56,51412.0,Master,Married,0,1,11,17.73,1.8232,195,42,181,195.03
234,35,15287.0,Graduation,Divorced,1,0,6,5.17,0.2866,31,60,628,31.02
2995,57,66636.0,Master,Together,0,0,17,63.76,1.6088,1084,64,317,1083.9
1118,58,50965.0,Master,Married,0,1,22,31.14,1.3333,685,87,495,685.06
7789,49,84618.0,PhD,Married,0,0,26,64.31,3.5455,1672,96,220,1672.08
3068,24,18351.0,Graduation,Married,0,0,6,7.17,0.7377,43,1,244,43.02
8955,57,40451.0,PhD,Together,0,2,5,9.8,1.1194,49,54,134,49.0
945,49,36317.0,Graduation,Together,0,1,9,14.78,0.6683,133,53,404,133.02
5644,57,42213.0,Graduation,Together,0,1,15,24.2,1.7241,363,96,261,362.99
7192,59,65748.0,Graduation,Together,0,1,18,30.28,1.2245,545,58,441,545.04
2324,42,77044.0,Graduation,Together,0,1,31,34.35,3.7805,1065,12,246,1064.85
697,45,74918.0,Graduation,Together,0,0,21,97.48,1.3263,2047,78,475,2047.06
3439,42,56721.0,Graduation,Married,1,1,15,19.73,0.7414,296,64,607,295.97
1506,39,42160.0,Graduation,Single,1,1,11,12.73,0.8992,140,26,367,140.03
232,49,61559.0,Graduation,Single,0,1,17,31.18,1.4655,530,8,348,530.05
8876,51,33629.0,PhD,Together,1,1,13,11.69,0.5644,152,49,691,151.97
4500,23,68682.0,PhD,Together,0,0,24,66.58,2.6966,1598,56,267,1597.9
9739,51,34377.0,Graduation,Single,0,1,8,14.25,0.4554,114,55,527,114.0
10395,28,8940.0,Basic,Single,1,0,10,10.1,0.4431,101,25,677,100.99
1176,41,26228.0,Graduation,Married,1,0,4,6.25,0.427,25,50,281,25.0
1627,57,77297.0,2n Cycle,Divorced,0,0,22,35.86,1.2692,789,84,520,788.9
938,33,40211.0,Graduation,Married,1,1,7,12.43,0.6269,87,30,335,87.01
2740,56,33438.0,PhD,Widow,1,1,11,8.18,1.1744,90,81,281,89.98
257,55,75032.0,PhD,Married,0,1,20,60.75,1.4019,1215,74,428,1215.03
4058,59,61284.0,PhD,Single,0,0,22,36.86,2.5287,811,76,261,810.91
7736,28,22518.0,Graduation,Married,1,0,7,8.71,0.3409,61,36,616,60.97
8210,39,54730.0,Master,Married,0,1,18,22.5,1.6928,405,64,319,405.0
833,59,38452.0,Master,Married,1,1,9,8.0,2.9348,72,62,92,72.0
6230,43,44421.0,Graduation,Divorced,1,1,14,13.5,0.84,189,53,500,189.0
7325,28,38197.0,PhD,Together,1,0,5,8.0,0.4098,40,86,366,40.0
1307,36,41986.0,Graduation,Divorced,0,1,10,6.3,2.1277,63,15,141,63.0
1502,31,28427.0,Graduation,Together,1,0,7,7.43,0.4506,52,67,466,52.0
6211,38,37395.0,PhD,Together,1,0,5,7.8,2.5424,39,47,59,39.0
843,43,64722.0,Graduation,Married,1,0,25,32.2,21.4286,805,47,35,805.0
4174,58,55249.0,Master,Together,0,1,8,16.25,3.2432,130,81,74,130.0
9757,42,84906.0,Graduation,Together,0,0,24,67.96,2.6766,1631,98,269,1631.05
6918,25,28691.0,Graduation,Married,1,0,5,6.8,0.4155,34,56,361,34.0
286,62,44213.0,Graduation,Single,1,1,12,12.67,1.6901,152,48,213,152.04
11086,30,25707.0,Basic,Single,1,0,5,4.2,0.9202,21,18,163,21.0
1921,47,59062.0,PhD,Married,2,1,7,10.14,0.7778,71,74,270,70.98
4138,52,76624.0,Graduation,Single,0,1,23,39.09,18.6486,899,68,37,899.07
7718,67,66000.0,Master,Together,0,0,10,71.1,4.2254,711,36,71,711.01
1291,36,27683.0,PhD,Together,1,0,16,21.94,0.6906,351,90,695,351.02
6862,43,1730.0,Graduation,Divorced,0,0,15,0.53,10.4651,8,65,43,7.95
4136,22,7500.0,Basic,Single,1,0,11,10.82,0.5749,119,63,574,119.02
803,46,40521.0,Graduation,Together,1,1,4,5.25,0.2661,21,82,451,21.0
4298,41,20427.0,PhD,Together,1,0,4,2.5,1.2245,10,63,98,10.0
10833,39,65106.0,Graduation,Married,0,1,27,36.04,21.8919,973,55,37,973.08
9606,49,69969.0,PhD,Married,0,0,13,118.15,1.2704,1536,64,307,1536.0
8534,62,67433.0,Graduation,Married,0,2,28,35.43,2.4069,992,51,349,992.05
5153,47,77766.0,PhD,Married,0,1,34,44.97,2.069,1529,97,493,1529.01
961,42,74716.0,Graduation,Married,0,1,17,50.59,1.7526,860,92,291,860.04
5011,51,68118.0,Graduation,Divorced,0,1,23,40.35,2.7059,928,51,255,928.06
6653,44,55158.0,PhD,Married,1,1,18,23.22,0.7714,418,72,700,417.94
9094,59,62972.0,2n Cycle,Married,0,1,16,36.69,0.6897,587,39,696,587.08
810,39,74190.0,Graduation,Married,0,1,19,33.74,11.6327,641,49,49,641.06
5493,38,39356.0,Graduation,Married,1,1,4,5.75,1.165,23,21,103,23.0
2147,45,76653.0,Graduation,Together,0,0,23,99.09,2.1698,2279,91,318,2279.06
5107,41,35860.0,PhD,Divorced,1,1,6,8.17,4.2857,49,37,42,49.02
3979,31,90687.0,PhD,Divorced,0,0,17,104.65,1.2624,1779,98,404,1779.08
6049,32,73450.0,Master,Together,0,0,27,66.81,3.913,1804,85,207,1803.85
8147,54,31454.0,Graduation,Married,1,1,8,6.0,0.6685,48,40,359,48.0
1857,62,47139.0,Graduation,Single,1,1,7,11.86,1.8103,83,2,116,83.02
3910,39,83829.0,Graduation,Divorced,0,0,17,109.53,1.9245,1862,78,265,1861.98
5207,51,53378.0,PhD,Married,1,1,29,27.34,1.3509,793,41,644,792.84
11114,44,19656.0,Graduation,Together,1,0,9,9.33,0.5325,84,94,507,83.96
5429,66,45579.0,PhD,Married,0,1,10,18.3,0.9554,183,10,314,183.0
9400,56,85485.0,2n Cycle,Single,0,0,19,72.79,63.3333,1383,73,9,1383.01
1740,70,55956.0,Graduation,Married,0,0,16,62.44,5.7143,999,22,84,999.04
7488,51,64191.0,Master,Single,0,1,24,34.38,1.374,825,30,524,825.09
195,42,38808.0,Graduation,Single,1,0,14,17.57,0.6241,246,21,673,245.99
635,48,57183.0,Master,Married,1,1,25,24.4,1.6026,610,51,468,610.01
7527,46,23748.0,Master,Divorced,1,0,9,8.44,0.4608,76,97,586,75.97
10319,43,66303.0,Graduation,Married,0,1,22,58.45,1.3497,1286,56,489,1285.91
2296,39,37368.0,Master,Married,1,0,4,7.5,0.6122,30,4,196,30.0
10637,50,40800.0,Graduation,Married,1,2,8,12.38,0.4404,99,77,545,99.05
2931,36,71847.0,Graduation,Divorced,0,0,22,54.18,1.0201,1192,95,647,1191.97
907,39,46149.0,Graduation,Married,0,1,18,20.11,2.5352,362,36,213,361.98
3698,31,78687.0,Graduation,Together,0,0,19,112.11,0.8261,2130,13,690,2130.12
9516,43,49118.0,2n Cycle,Divorced,0,0,28,43.89,1.2335,1229,90,681,1228.94
679,57,37633.0,PhD,Married,1,1,6,6.33,0.2778,38,49,648,37.98
7384,63,39767.0,Master,Together,0,0,17,28.53,1.4826,485,18,344,485.02
5043,63,26997.0,Basic,Married,0,0,13,33.38,0.6478,434,89,602,433.91
5267,44,33986.0,Graduation,Divorced,1,0,5,8.8,0.3171,44,43,473,44.0
339,42,57091.0,PhD,Married,0,1,18,27.56,0.9247,496,82,584,496.1
2516,45,46831.0,2n Cycle,Married,1,1,7,11.14,0.5426,78,84,387,77.97
9010,42,83151.0,Master,Married,0,0,23,102.0,1.3663,2346,80,505,2345.94
378,43,52531.0,Graduation,Married,0,0,21,37.81,1.1517,794,68,547,793.98
4808,58,15759.0,Graduation,Married,0,0,4,4.25,0.4027,17,12,298,17.0
5068,43,22804.0,Graduation,Single,1,0,5,5.2,0.4491,26,75,334,26.0
7628,41,43050.0,2n Cycle,Married,1,0,8,9.5,2.3077,76,10,104,76.0
7128,37,42997.0,PhD,Single,1,1,4,3.75,0.5854,15,91,205,15.0
2811,51,48918.0,PhD,Single,1,1,7,8.86,2.6582,62,21,79,62.02
3551,60,60033.0,Master,Together,0,1,10,19.8,3.2258,198,28,93,198.0
1663,36,34043.0,PhD,Together,1,0,5,9.8,0.6048,49,97,248,49.0
5543,48,57811.0,Graduation,Together,0,1,25,32.08,2.0216,802,49,371,802.01
1577,68,78569.0,Graduation,Married,0,0,15,115.73,3.4351,1736,14,131,1735.94
10641,36,7500.0,Graduation,Single,1,1,10,5.7,0.5455,57,5,550,57.0
5336,43,157733.0,Master,Together,1,0,2,29.5,0.1535,59,37,391,59.02
6024,61,94384.0,Graduation,Together,0,0,18,127.89,1.118,2302,62,483,2301.99
1878,29,23148.0,2n Cycle,Married,0,0,6,6.17,1.3636,37,83,132,37.02
3099,44,44267.0,Graduation,Divorced,1,1,16,19.38,0.9796,310,48,490,310.08
6055,35,71626.0,Graduation,Married,0,0,19,68.68,0.9406,1305,94,606,1304.93
5841,48,60894.0,Graduation,Together,0,1,26,32.0,2.1253,832,61,367,831.98
3972,38,50200.0,Graduation,Together,1,1,19,21.11,1.2583,401,70,453,401.1
4394,49,81051.0,PhD,Married,0,0,23,65.26,18.1579,1501,43,38,1500.98
5758,32,65169.0,Graduation,Married,0,0,28,42.46,5.0299,1189,23,167,1188.87
6658,42,59868.0,Graduation,Together,0,1,32,37.31,2.7988,1194,37,343,1193.91
4603,54,65695.0,PhD,Married,0,1,21,31.24,4.2,656,50,150,656.04
8427,58,64857.0,Master,Single,0,0,23,66.96,1.1815,1540,78,584,1540.07
10260,49,45143.0,Master,Together,0,1,15,20.73,1.461,311,74,308,310.94
7143,59,74805.0,2n Cycle,Together,0,1,26,31.54,3.3051,820,14,236,820.04
8789,25,59060.0,2n Cycle,Married,1,0,14,19.57,2.4706,274,77,170,273.98
6197,52,27238.0,PhD,Single,1,1,9,6.33,0.6193,57,39,436,56.97
4554,49,47009.0,Graduation,Together,0,1,17,26.35,1.875,448,89,272,447.95
4937,41,46094.0,2n Cycle,Married,1,1,5,8.8,7.5,44,62,20,44.0
1920,42,40321.0,Graduation,Married,1,1,8,12.75,0.7143,102,59,336,102.0
8749,30,37235.0,Graduation,Together,1,0,5,12.2,1.0067,61,68,149,61.0
1650,54,81843.0,Master,Married,0,0,27,60.85,1.8664,1643,13,434,1642.99
10377,56,46692.0,Master,Together,0,1,15,26.47,1.1568,397,37,389,397.05
9206,46,77382.0,Graduation,Together,0,1,26,43.12,4.4828,1121,36,174,1121.13
10971,37,37774.0,Graduation,Single,2,0,16,29.56,0.7218,473,28,665,472.96
6398,40,18393.0,Basic,Married,1,0,8,6.25,2.5806,50,2,93,50.0
9212,52,72828.0,Master,Married,0,1,28,59.93,1.6766,1678,17,501,1677.99
7937,32,24711.0,Graduation,Married,0,0,7,8.29,2.8767,58,86,73,58.03
839,39,45503.0,PhD,Married,1,0,9,18.89,0.9712,170,54,278,170.01
4246,32,6560.0,Master,Single,0,0,2,186.5,0.3,373,2,200,373.0
158,69,71604.0,PhD,Together,0,0,17,70.35,2.2667,1196,3,225,1195.97
4832,35,27244.0,Graduation,Married,1,0,8,12.62,2.087,101,84,115,100.96
5621,45,48752.0,Graduation,Married,1,1,17,18.59,0.9027,316,8,565,316.05
1945,52,71434.0,Graduation,Married,0,1,21,66.67,2.2105,1400,4,285,1400.05
5147,66,90842.0,Graduation,Single,0,0,27,52.74,2.4107,1424,57,336,1423.97
2535,36,88097.0,Master,Married,1,0,20,42.2,0.8811,844,24,681,844.04
11039,39,51948.0,Graduation,Married,0,1,13,23.92,1.3636,311,51,286,310.95
9495,32,71853.0,Graduation,Together,0,0,17,67.59,1.2201,1149,29,418,1149.03
9635,31,35876.0,Master,Married,0,0,8,16.12,3.3803,129,13,71,128.96
2173,62,40049.0,Graduation,Widow,0,1,5,6.4,0.5837,32,23,257,32.0
942,32,39660.0,Graduation,Single,1,0,14,21.36,0.6078,299,36,691,299.03
9386,52,50127.0,Graduation,Together,0,1,13,24.62,12.1875,320,88,32,320.06
5510,37,43263.0,Master,Married,0,1,16,27.56,0.8191,441,2,586,440.95
873,65,62845.0,Master,Married,1,1,28,42.07,1.3187,1178,3,637,1177.98
2253,24,18929.0,Graduation,Married,0,0,6,14.17,0.3607,85,15,499,85.01
5181,32,24367.0,Basic,Single,1,0,4,6.0,0.257,24,58,467,24.0
979,39,33249.0,Graduation,Single,1,0,8,14.0,0.4848,112,11,495,111.99
10390,55,26887.0,2n Cycle,Married,0,1,5,6.0,0.297,30,27,505,30.0
4698,31,50150.0,PhD,Married,0,0,16,25.62,1.28,410,32,375,409.92
7793,38,62061.0,Graduation,Together,0,1,24,33.33,2.3762,800,12,303,799.91
1745,52,85696.0,PhD,Divorced,0,0,20,65.65,1.4184,1313,88,423,1312.96
10590,58,76542.0,PhD,Together,0,0,23,64.48,1.5098,1483,91,457,1482.99
5080,21,70515.0,Graduation,Single,0,0,17,74.0,2.0238,1258,12,252,1257.99
8369,27,18227.0,Graduation,Together,1,0,4,7.0,0.2003,28,21,599,28.0
5232,49,69139.0,Graduation,Married,0,1,11,20.64,2.1429,227,23,154,227.04
2407,32,69109.0,Graduation,Married,0,0,20,77.75,1.0033,1555,10,598,1554.93
3834,52,69627.0,Graduation,Single,0,1,23,37.43,1.4681,861,35,470,860.9
7912,36,38136.0,Graduation,Married,1,0,8,12.88,0.553,103,69,434,103.04
7712,68,62159.0,PhD,Single,0,0,19,33.37,9.0476,634,68,63,634.03
1065,51,80695.0,Graduation,Single,0,0,19,100.95,3.1148,1918,85,183,1918.08
7275,43,33316.0,Master,Single,1,1,10,13.1,1.1152,131,34,269,131.0
1343,46,58554.0,Graduation,Together,1,1,22,26.64,1.028,586,55,642,586.06
1384,22,17256.0,Basic,Married,1,0,7,8.86,0.9589,62,10,219,62.02
9967,40,53034.0,Graduation,Divorced,1,1,22,20.32,1.6667,447,30,396,447.05
6181,64,52203.0,2n Cycle,Together,0,0,27,34.78,1.1588,939,36,699,939.06
10507,37,59601.0,2n Cycle,Divorced,0,1,15,53.13,1.3235,797,14,340,796.93
2674,56,75154.0,Master,Single,0,1,16,71.44,0.7229,1143,79,664,1143.05
2698,38,47025.0,Graduation,Single,0,1,17,24.41,2.1702,415,52,235,414.97
3231,41,37971.0,Graduation,Married,1,0,5,6.0,0.6912,30,97,217,30.0
4096,46,41335.0,Master,Divorced,1,0,12,15.58,1.9355,187,24,186,186.96
10476,56,67267.0,Graduation,Married,0,1,11,22.82,6.875,251,0,48,251.02
5948,39,57338.0,Graduation,Single,0,1,12,19.75,5.8065,237,96,62,237.0
9140,54,50523.0,2n Cycle,Together,1,1,8,11.38,1.2834,91,89,187,91.04
10258,49,35791.0,Master,Single,2,1,6,5.83,0.4286,35,94,420,34.98
5675,54,50611.0,PhD,Divorced,0,1,22,22.41,1.041,493,98,634,493.02
4743,45,56242.0,PhD,Married,0,1,28,34.68,1.7355,971,72,484,971.02
8805,54,48904.0,Graduation,Single,0,1,17,21.82,0.887,371,1,575,370.96
1542,39,56243.0,Graduation,Single,1,2,20,19.8,3.2967,396,26,182,396.0
6770,29,21355.0,Graduation,Married,1,0,7,9.71,0.6688,68,5,314,67.97
8773,43,57420.0,Master,Together,0,1,15,21.47,1.2162,322,22,370,322.05
10475,44,,Master,Together,0,1,14,22.64,0.9231,317,39,455,316.97
10420,59,46390.0,Master,Divorced,0,1,10,22.2,5.3571,222,56,56,222.0
7514,58,54342.0,2n Cycle,Together,1,1,12,14.75,0.9945,177,74,362,177.0
2902,56,,Graduation,Together,1,1,5,9.0,0.2256,45,87,665,45.01
4345,50,,2n Cycle,Single,1,1,4,5.25,0.7101,21,49,169,21.0
793,41,20895.0,Graduation,Married,1,0,6,7.5,0.2848,45,24,632,45.0
10909,66,92344.0,Graduation,Married,0,0,20,94.95,3.6145,1899,9,166,1899.02
3769,42,,PhD,Together,1,0,5,8.4,1.25,42,17,120,42.0
8702,38,26907.0,2n Cycle,Together,1,1,6,3.67,0.5732,22,10,314,22.02
4791,34,44964.0,Graduation,Together,1,1,5,8.2,0.2674,41,35,561,41.0
2963,35,75507.0,Graduation,Together,0,0,21,68.57,10.678,1440,56,59,1439.97
8216,42,53761.0,Master,Married,1,1,17,19.12,1.9466,325,7,262,325.05
8140,41,22682.0,Graduation,Together,1,0,10,9.5,1.1111,95,51,270,95.0
10146,42,38887.0,PhD,Together,1,0,5,8.4,1.25,42,17,120,42.0
5289,39,41658.0,2n Cycle,Single,1,1,6,12.0,0.301,72,30,598,72.0
2587,42,29791.0,PhD,Married,1,0,7,2.86,4.5652,20,21,46,20.02
4405,58,63915.0,Master,Married,0,2,23,34.3,2.0597,789,2,335,788.9
8663,40,39996.0,Graduation,Divorced,1,1,4,3.75,3.0769,15,85,39,15.0
2589,42,26759.0,Graduation,Divorced,1,0,8,7.38,1.6783,59,65,143,59.04
3421,46,63841.0,Master,Divorced,0,1,22,41.27,1.5172,908,64,435,907.92
10490,45,51039.0,PhD,Married,1,1,14,29.79,0.7407,417,11,567,417.04
4094,53,60544.0,Graduation,Married,1,1,15,19.27,0.6677,289,92,674,289.07
9958,42,65685.0,Graduation,Married,0,1,21,36.62,6.7742,769,54,93,769.02
2534,61,37716.0,Graduation,Married,0,1,10,18.8,4.2857,188,4,70,188.0
4188,57,36864.0,Graduation,Single,0,1,14,25.29,0.6122,354,53,686,354.03
6613,44,44511.0,Master,Married,1,0,26,27.96,1.246,727,39,626,726.96
10827,47,36947.0,PhD,Married,1,1,11,13.27,0.4769,146,49,692,145.98
5491,63,47352.0,Master,Together,0,1,16,19.94,1.0787,319,70,445,319.05
8402,61,67087.0,Master,Married,0,1,22,36.09,3.3846,794,40,195,793.98
8783,64,57045.0,Graduation,Married,0,1,18,25.22,0.8182,454,40,660,453.97
10010,61,36957.0,PhD,Divorced,1,1,11,13.82,0.4985,152,43,662,152.02
618,37,69389.0,PhD,Married,0,1,22,36.23,1.0312,797,17,640,797.02
9121,42,80134.0,Graduation,Married,1,0,16,105.62,1.1823,1690,40,406,1689.97
361,45,43142.0,Master,Married,1,1,4,5.0,0.9091,20,84,132,20.0
4310,70,80589.0,Graduation,Married,0,0,21,68.0,3.9623,1428,25,159,1428.01
2678,24,34412.0,Graduation,Single,1,0,11,19.0,0.6574,209,62,502,209.01
6376,35,57537.0,Graduation,Single,1,0,19,28.68,1.4805,545,83,385,544.91
524,48,22634.0,Basic,Together,0,0,6,16.0,0.3396,96,47,530,95.99
10341,66,51315.0,Graduation,Together,0,0,10,22.2,2.3622,222,45,127,222.0
5654,42,36026.0,Graduation,Married,2,1,7,8.71,1.9811,61,34,106,60.97
4098,41,24639.0,Graduation,Married,1,1,9,4.89,1.7647,44,3,153,44.01
5824,42,34578.0,PhD,Together,2,1,4,2.0,1.5,8,1,80,8.0
7000,42,65704.0,2n Cycle,Single,0,0,23,35.52,2.6538,817,18,260,816.95
2561,48,63810.0,Graduation,Single,0,1,23,59.61,1.1577,1371,45,596,1371.01
5229,45,54132.0,PhD,Together,0,1,5,8.4,1.1194,42,81,134,42.0
4086,55,18690.0,Graduation,Married,0,0,5,12.0,0.2732,60,77,549,59.99
2428,44,28164.0,Graduation,Married,1,0,9,8.67,0.6398,78,23,422,78.03
8254,40,34596.0,PhD,Married,1,0,4,5.75,0.2709,23,48,443,23.0
2836,42,43269.0,PhD,Married,1,0,4,4.75,0.4181,19,61,287,19.0
8418,56,38741.0,2n Cycle,Single,1,1,7,8.71,2.2826,61,60,92,60.97
1362,42,31907.0,Graduation,Single,0,0,14,32.07,0.8696,449,75,483,449.0
7152,31,27100.0,Master,Married,1,0,5,7.4,0.3326,37,64,451,37.0
10033,41,31163.0,2n Cycle,Divorced,1,0,5,7.6,1.0949,38,54,137,38.0
9349,29,92533.0,Graduation,Married,0,0,23,49.17,3.5751,1131,84,193,1130.9
274,41,34853.0,Graduation,Single,1,1,7,4.86,1.1111,34,75,189,34.02
3388,47,70844.0,Graduation,Divorced,1,1,17,17.29,2.0988,294,16,243,293.93
922,35,31086.0,2n Cycle,Married,1,1,6,8.0,0.4265,48,79,422,48.0
8588,53,60544.0,Graduation,Married,1,1,15,19.27,0.6677,289,92,674,289.07
2518,28,20491.0,2n Cycle,Together,0,0,4,7.5,0.2303,30,16,521,30.0
574,50,42523.0,Graduation,Married,0,0,7,17.86,3.0882,125,96,68,125.02
3220,31,39922.0,Graduation,Married,1,0,9,17.33,0.5389,156,30,501,155.96
5967,62,33402.0,Graduation,Together,1,1,9,7.78,0.7781,70,60,347,70.02
1183,65,36408.0,Master,Married,1,1,4,5.5,0.4255,22,11,282,22.0
6856,35,21645.0,Graduation,Together,1,0,9,7.22,0.406,65,75,665,64.98
4530,66,78427.0,Master,Widow,0,0,23,83.91,1.1238,1930,36,614,1929.97
1553,68,82657.0,Graduation,Together,0,0,23,99.26,2.5,2283,71,276,2282.98
4682,56,51876.0,Graduation,Married,0,0,13,23.85,1.5116,310,88,258,310.04
8204,43,78041.0,2n Cycle,Married,0,0,18,73.28,0.9626,1319,93,561,1319.09
5221,57,52852.0,Graduation,Married,0,1,26,33.81,1.3542,879,93,576,879.08
1232,32,70038.0,PhD,Together,0,0,17,73.18,2.0565,1244,54,248,1244.09
1927,41,69401.0,2n Cycle,Together,0,1,17,40.59,5.1515,690,41,99,690.03
5788,42,46053.0,Graduation,Together,1,0,12,17.42,0.7229,209,46,498,209.04
6652,49,77343.0,Graduation,Married,0,0,17,66.71,24.2857,1134,28,21,1134.07
6246,61,73892.0,Graduation,Single,0,0,23,65.52,3.0131,1507,40,229,1506.96
5975,47,40304.0,PhD,Single,1,0,6,9.5,0.6593,57,82,273,57.0
6875,49,32727.0,PhD,Together,0,0,17,31.12,0.7601,529,38,671,529.07
4399,45,68695.0,Graduation,Together,0,0,16,68.19,96.0,1091,3,5,1091.04
4042,43,43300.0,Graduation,Divorced,0,1,11,16.36,0.528,180,87,625,179.96
2157,42,26290.0,Graduation,Together,1,1,10,7.7,0.5618,77,49,534,77.0
10133,44,93790.0,Graduation,Single,0,0,25,93.96,5.4348,2349,16,138,2349.01
2525,40,38410.0,PhD,Married,0,0,18,29.67,0.8257,534,65,654,534.07
8233,64,64866.0,Master,Widow,0,1,21,26.48,4.0645,556,9,155,556.08
9483,55,57957.0,Graduation,Together,0,1,25,25.48,2.381,637,24,315,637.01
2945,59,46015.0,PhD,Together,1,1,5,9.2,1.9231,46,25,78,46.0
10403,36,16531.0,Graduation,Together,1,0,9,4.89,22.5,44,43,12,44.01
5074,28,28072.0,Master,Married,1,0,5,9.4,0.4202,47,10,357,47.0
10524,51,49476.0,Master,Divorced,0,1,22,36.14,1.76,795,29,375,795.08
4690,61,50725.0,Graduation,Married,0,1,21,27.9,1.255,586,45,502,585.91
7521,62,83844.0,Graduation,Together,0,0,20,78.7,1.4493,1574,57,414,1574.03
7196,64,41145.0,PhD,Married,1,1,4,3.25,0.8451,13,20,142,13.0
4406,44,67419.0,Graduation,Together,0,1,25,58.84,1.4151,1471,29,530,1471.01
9672,44,23162.0,2n Cycle,Married,1,1,8,8.12,1.2565,65,82,191,64.96
4864,37,34380.0,Graduation,Married,1,0,12,14.58,0.8491,175,68,424,174.97
4706,48,34704.0,Graduation,Single,0,1,5,8.0,0.3497,40,65,429,40.01
4070,45,94871.0,PhD,Married,0,2,18,59.89,0.8096,1078,99,667,1078.03
25,56,65148.0,Graduation,Married,0,1,21,53.1,1.066,1115,9,591,1115.11
3697,60,39898.0,Graduation,Together,0,1,9,14.89,0.5368,134,20,503,134.02
217,58,64857.0,Master,Single,0,0,23,66.96,1.1815,1540,78,584,1540.07
4220,44,59892.0,PhD,Married,0,1,7,12.43,0.875,87,26,240,87.01
5286,27,41020.0,Master,Single,0,0,10,21.7,1.2245,217,68,245,217.0
9559,53,57072.0,PhD,Married,0,1,27,38.3,5.1592,1034,79,157,1034.09
2849,35,60474.0,Graduation,Single,0,1,31,38.06,2.044,1180,25,455,1179.89
7787,54,62807.0,Graduation,Together,0,1,23,35.61,1.0329,819,83,668,819.0
3102,33,19414.0,2n Cycle,Together,1,0,5,6.4,0.5837,32,32,257,32.0
5868,34,19107.0,Graduation,Married,1,0,6,7.67,0.5769,46,49,312,46.02
8370,38,75484.0,2n Cycle,Together,0,1,18,64.39,0.7747,1159,50,697,1158.95
9988,38,70379.0,Master,Single,0,1,25,34.4,1.5496,860,84,484,860.01
2939,44,79419.0,Master,Together,0,0,15,108.73,56.25,1631,96,8,1630.95
5529,68,64014.0,PhD,Together,2,1,22,20.18,33.0,444,56,20,443.96
9743,59,76998.0,Graduation,Married,0,1,29,65.86,1.6262,1910,85,535,1909.98
5763,42,49854.0,Master,Together,1,0,18,21.11,2.3276,380,63,232,379.98
3478,43,60585.0,PhD,Married,1,1,30,24.53,2.4259,736,17,371,735.91
7494,64,42873.0,PhD,Divorced,1,1,15,17.93,0.8571,269,11,525,268.94
1763,26,87679.0,Graduation,Together,0,0,29,87.03,2.574,2524,62,338,2523.9
7250,36,57867.0,Graduation,Together,1,0,25,24.48,2.7574,612,48,272,612.01
2005,24,35765.0,Graduation,Married,1,0,8,9.38,1.194,75,86,201,75.04
10770,55,65492.0,Graduation,Married,0,0,26,40.19,5.0323,1045,73,155,1044.95
6885,37,32952.0,Graduation,Divorced,1,0,6,9.17,0.8531,55,36,211,55.02
2072,45,53374.0,PhD,Together,0,1,21,50.67,0.9224,1064,34,683,1064.07
9463,55,71706.0,Graduation,Together,0,1,25,57.72,1.2626,1443,16,594,1442.97
6318,26,68487.0,Graduation,Married,0,0,30,45.53,1.6886,1366,48,533,1365.94
4093,39,53253.0,Master,Together,1,1,19,22.95,1.131,436,61,504,436.07
5751,41,31163.0,2n Cycle,Divorced,1,0,5,7.6,1.0949,38,54,137,38.0
3340,37,42014.0,Graduation,Married,1,0,20,21.8,0.8798,436,56,682,436.02
3594,41,54108.0,Master,Married,1,1,32,23.34,1.5947,747,74,602,746.89
3584,59,49667.0,PhD,Single,0,0,22,63.45,0.972,1396,35,679,1395.87
3643,40,63206.0,Master,Married,0,0,14,66.29,4.1176,928,65,102,928.05
851,42,57136.0,Master,Married,1,1,26,24.69,2.191,642,48,356,641.94
7706,39,46772.0,2n Cycle,Together,0,1,30,34.93,1.5,1048,88,600,1047.9
3967,43,78931.0,PhD,Married,0,0,24,39.29,2.9032,943,19,248,942.95
10128,56,53977.0,Graduation,Together,0,1,27,33.59,2.093,907,21,387,906.92
486,26,84219.0,Graduation,Married,0,0,18,66.56,3.6486,1198,27,148,1198.06
9,39,46098.0,Master,Single,1,1,11,10.91,0.4846,120,86,681,120.01
9451,49,73538.0,Graduation,Married,0,1,26,63.77,1.3402,1658,92,582,1658.01
9264,28,79529.0,Graduation,Married,0,0,22,74.45,10.3125,1638,1,64,1637.9
3865,37,20981.0,2n Cycle,Together,0,0,7,10.43,0.493,73,14,426,73.02
2853,34,51766.0,Graduation,Single,1,0,12,22.92,3.2432,275,74,111,275.04
1490,52,55759.0,Graduation,Married,0,1,26,32.85,1.3472,854,84,579,854.13
6310,36,33039.0,Graduation,Married,1,0,7,11.14,0.7143,78,4,294,77.98
10380,42,37787.0,Master,Married,1,0,7,15.14,0.742,106,50,283,105.97
3887,44,27242.0,Graduation,Single,1,0,7,15.14,0.3523,106,2,596,105.97
4278,31,87188.0,PhD,Single,0,0,19,101.21,1.4541,1923,73,392,1923.01
8643,43,69930.0,Graduation,Together,0,0,22,75.55,1.65,1662,21,400,1662.1
1998,38,37697.0,Graduation,Single,1,0,7,12.0,1.4685,84,82,143,84.0
10795,41,37401.0,PhD,Married,1,0,7,6.86,3.8182,48,14,55,48.02
11110,41,3502.0,Graduation,Single,1,0,0,,0.0,5,56,443,0.0
2408,38,58597.0,Graduation,Married,1,1,32,22.91,1.6354,733,20,587,733.1
202,66,82032.0,PhD,Widow,0,0,17,72.59,5.9302,1234,54,86,1234.02
7998,56,28087.0,Graduation,Together,1,1,9,12.44,0.477,112,77,566,111.95
830,27,74004.0,PhD,Single,0,0,15,110.53,3.5714,1658,5,126,1657.94
3536,54,19740.0,Graduation,Together,0,1,7,7.86,0.4536,55,65,463,55.02
6050,39,57036.0,2n Cycle,Married,0,1,26,58.19,1.3781,1513,33,566,1512.95
125,56,53083.0,2n Cycle,Together,1,1,17,15.94,1.2409,271,65,411,270.99
3463,39,69283.0,PhD,Married,0,1,27,33.48,50.625,904,41,16,903.96
2804,39,46098.0,Master,Single,1,1,11,10.91,0.4846,120,86,681,120.01
3745,26,23331.0,2n Cycle,Married,1,0,8,12.88,0.3614,103,92,664,103.03
9771,26,23331.0,2n Cycle,Single,1,0,17,15.82,0.8057,269,97,633,268.94
451,25,9255.0,Graduation,Single,1,0,5,4.4,0.7812,22,91,192,22.0
10530,55,67786.0,PhD,Widow,0,0,16,72.25,2.3415,1156,0,205,1156.02
1079,43,71969.0,PhD,Married,0,1,19,57.16,0.9164,1086,59,622,1086.04
8920,47,59235.0,Master,Single,1,0,28,40.29,1.573,1128,4,534,1128.1
6678,25,31928.0,Graduation,Together,1,0,9,8.0,2.8723,72,5,94,72.0
3852,53,74881.0,Master,Together,1,1,27,35.7,1.691,964,48,479,963.89
528,36,65819.0,Graduation,Married,0,0,20,69.15,1.0381,1383,99,578,1383.05
73,61,51411.0,PhD,Single,1,2,4,4.5,0.3,18,81,400,18.0
5589,50,51983.0,Graduation,Divorced,0,1,24,33.04,1.0778,793,95,668,792.93
10212,28,42386.0,Master,Together,1,0,7,14.29,0.394,100,43,533,100.03
6365,27,30390.0,2n Cycle,Married,0,0,6,13.33,0.598,80,5,301,79.98
5636,51,30983.0,Graduation,Single,0,0,8,20.88,0.4013,167,50,598,167.02
591,57,66033.0,Graduation,Widow,0,1,20,33.85,1.1407,677,76,526,677.01
2217,39,37284.0,2n Cycle,Married,1,1,4,5.75,0.262,23,46,458,23.0
2544,63,57530.0,Master,Divorced,0,1,7,13.14,0.8046,92,68,261,91.98
7725,49,76800.0,2n Cycle,Married,0,0,16,40.06,4.2105,641,33,114,640.96
8091,58,63943.0,Graduation,Married,0,1,17,65.06,0.7658,1106,50,666,1106.07
7321,52,76081.0,Graduation,Together,0,0,14,73.79,11.0526,1033,85,38,1033.06
5462,40,67445.0,Graduation,Married,0,1,32,36.69,1.3974,1174,63,687,1174.1
7791,47,37054.0,Master,Married,1,1,6,4.17,0.625,25,89,288,25.02
955,52,47175.0,Master,Together,1,1,17,14.12,0.8361,240,81,610,240.05
4037,38,31859.0,Graduation,Divorced,1,0,4,5.0,0.315,20,77,381,20.0
6642,53,27215.0,Graduation,Divorced,2,1,11,9.27,0.631,102,50,523,101.97
2793,38,70179.0,PhD,Divorced,0,1,26,39.77,2.2674,1034,10,344,1034.0
5424,31,39922.0,Graduation,Married,1,0,9,17.33,0.5389,156,30,501,155.96
879,38,49681.0,Master,Married,0,2,21,21.81,2.6471,458,66,238,458.02
9530,26,24645.0,Graduation,Married,1,0,4,4.25,0.198,17,16,606,17.0
4828,60,79865.0,Graduation,Divorced,0,1,21,37.71,52.5,792,12,12,791.91
10699,29,44322.0,Graduation,Married,1,0,8,11.5,17.1429,92,30,14,92.0
1497,62,47958.0,Graduation,Single,0,1,16,25.44,0.9108,407,8,527,407.03
7476,50,63972.0,Master,Single,0,1,23,55.17,1.2,1269,93,575,1268.91
4390,60,75315.0,Graduation,Together,0,1,23,36.57,9.0789,841,14,76,841.11
10478,64,55517.0,PhD,Married,1,1,23,27.52,1.0764,633,53,641,632.93
1081,57,75283.0,PhD,Married,1,2,25,40.76,1.6304,1019,26,460,1018.98
4261,68,82800.0,PhD,Single,0,0,26,50.58,1.3379,1315,23,583,1315.07
9916,60,38998.0,Graduation,Married,1,1,8,6.75,0.3974,54,92,604,54.01
5350,23,90638.0,Master,Single,0,0,18,140.28,3.9416,2525,29,137,2525.04
8135,28,27161.0,Master,Married,1,0,5,10.4,0.6122,52,41,245,52.0
8685,37,42014.0,Graduation,Married,1,0,20,21.8,0.8798,436,56,682,436.02
4967,54,38201.0,PhD,Together,0,1,15,17.87,0.9825,268,19,458,268.04
2130,32,45203.0,Graduation,Together,2,0,8,18.38,2.4242,147,4,99,147.04
9298,67,81574.0,PhD,Together,0,0,18,99.89,8.5714,1798,89,63,1798.01
8175,22,34935.0,Graduation,Married,0,0,8,17.12,0.6417,137,71,374,136.96
6257,38,60482.0,Master,Single,0,1,17,29.82,0.9751,507,81,523,506.92
3790,58,34633.0,Graduation,Together,2,1,4,3.75,0.7595,15,31,158,15.0
9952,67,78093.0,Master,Together,0,0,17,65.0,2.5373,1105,53,201,1104.99
3503,64,82460.0,Graduation,Divorced,0,0,15,64.93,2.1429,974,78,210,973.97
5223,48,45903.0,Master,Together,0,1,8,8.25,3.5294,66,80,68,66.0
4608,27,81361.0,Graduation,Divorced,0,0,27,28.81,6.48,778,18,125,777.87
1626,41,35860.0,PhD,Divorced,1,1,6,8.17,4.2857,49,37,42,49.02
4764,62,40442.0,Master,Together,1,1,12,14.08,0.5294,169,52,680,168.96
2471,49,61482.0,Graduation,Married,0,0,12,24.92,120.0,299,39,3,299.04
5892,34,34968.0,Graduation,Married,1,0,17,13.0,1.1435,221,11,446,221.0
2612,27,75794.0,Graduation,Married,0,0,25,67.28,3.9894,1682,33,188,1682.02
4971,52,31497.0,PhD,Together,0,1,10,15.5,0.5254,155,22,571,155.0
5185,59,74268.0,Graduation,Married,0,0,13,68.62,0.7784,892,83,501,892.01
10069,26,13724.0,Basic,Together,1,0,5,11.6,0.2246,58,43,668,58.01
2262,49,45143.0,Master,Together,0,1,15,20.73,1.461,311,74,308,310.94
1131,47,52569.0,PhD,Single,0,1,7,13.57,2.4419,95,54,86,94.99
1041,41,48432.0,PhD,Single,0,1,19,22.32,0.9194,424,3,620,424.1
24,54,17144.0,Master,Together,1,1,12,3.92,2.6667,47,96,135,47.04
3409,30,36108.0,Graduation,Single,1,0,15,22.6,1.7442,339,68,258,339.0
7022,43,76445.0,Graduation,Married,1,0,21,67.14,0.9844,1410,2,640,1409.98
7943,39,36663.0,PhD,Married,1,0,6,5.83,2.7273,35,40,66,34.98
5272,49,53843.0,Master,Married,0,1,20,28.1,1.6304,562,64,368,561.99
5453,58,90226.0,Master,Married,0,0,24,98.0,1.1215,2352,26,642,2352.01
2565,59,70638.0,Master,Divorced,0,0,20,66.7,1.5228,1334,69,394,1333.96
800,54,44512.0,Graduation,Together,1,1,6,5.33,0.5921,32,57,304,31.98
11092,53,27116.0,Graduation,Married,1,1,7,5.86,1.75,41,78,120,41.02
5062,51,54072.0,PhD,Married,1,1,5,7.8,0.4438,39,71,338,39.0
8969,37,71855.0,Graduation,Married,0,1,25,45.64,1.4151,1141,59,530,1141.0
4656,24,51250.0,2n Cycle,Single,1,0,24,29.58,1.5755,710,28,457,709.92
4480,41,60432.0,Master,Married,0,1,19,21.11,5.0442,401,61,113,401.09
9971,50,65526.0,PhD,Married,0,1,17,29.76,6.375,506,22,80,505.92
6729,26,68655.0,Graduation,Single,0,0,21,73.24,0.9144,1538,95,689,1538.09
1773,36,12393.0,2n Cycle,Married,0,0,6,9.5,0.3141,57,38,573,56.99
9242,24,64509.0,Graduation,Single,0,0,19,90.63,1.7981,1722,19,317,1721.96
1764,39,33955.0,Graduation,Single,1,0,15,18.0,1.3846,270,92,325,270.0
6215,37,31353.0,Graduation,Married,1,1,6,5.17,0.9836,31,24,183,31.02
10099,30,55434.0,Graduation,Married,1,0,24,36.75,2.6866,882,21,268,882.01
5423,31,28359.0,Graduation,Together,1,0,4,4.0,0.4878,16,35,246,16.0
940,27,57100.0,Graduation,Single,1,0,14,22.21,9.7674,311,9,43,310.94
3011,49,69139.0,Graduation,Married,0,1,11,20.64,2.1429,227,23,154,227.04
3298,58,52973.0,Master,Married,0,1,31,37.16,1.5526,1152,92,599,1151.97
8286,49,51717.0,PhD,Together,0,1,8,15.25,0.7643,122,55,314,122.0
9668,43,18793.0,Graduation,Married,1,0,9,8.56,0.5056,77,14,534,77.04
5120,32,66664.0,2n Cycle,Together,0,0,19,67.84,0.8865,1289,78,643,1289.0
6097,55,50664.0,Graduation,Single,1,1,24,23.38,1.3585,561,64,530,561.12
7019,51,54414.0,Graduation,Together,1,1,13,16.23,0.7457,211,49,523,210.99
7408,62,54549.0,PhD,Married,0,1,12,19.42,3.0252,233,8,119,233.04
8041,43,47111.0,PhD,Widow,0,1,21,52.0,0.9545,1092,35,660,1091.95
252,51,41003.0,PhD,Divorced,0,0,17,35.35,1.0851,601,11,470,600.95
9986,32,19444.0,Graduation,Together,1,0,10,5.4,2.3438,54,8,128,54.0
3276,38,36301.0,2n Cycle,Together,1,0,7,11.14,0.8468,78,53,248,77.98
3859,67,73059.0,PhD,Together,0,1,26,42.12,2.5743,1095,36,303,1095.14
3570,45,42731.0,PhD,Together,1,0,13,18.77,1.5476,244,64,252,244.01
3783,55,52854.0,PhD,Married,1,1,9,12.89,2.7551,116,43,98,116.01
10207,36,22775.0,Graduation,Together,1,0,4,3.75,0.3191,15,40,376,15.0
10906,66,46681.0,PhD,Together,0,2,16,26.56,1.8113,425,52,265,424.96
3427,59,59821.0,PhD,Married,0,1,26,28.23,1.7568,734,11,444,734.0
5209,60,50002.0,Graduation,Divorced,0,1,19,33.58,1.5079,638,21,378,638.0
10711,69,69755.0,Graduation,Married,0,0,22,40.64,2.4354,894,23,271,894.07
10785,45,44078.0,Graduation,Married,1,1,7,5.86,19.0909,41,17,11,41.02
2814,38,30560.0,Master,Together,1,0,5,6.2,0.4076,31,6,368,31.0
6866,45,35924.0,Master,Together,1,1,5,6.8,1.5152,34,56,99,34.0
1665,50,64140.0,PhD,Divorced,0,2,18,97.22,1.9286,1750,71,280,1749.99
6575,33,56386.0,Graduation,Together,1,1,25,24.48,1.2275,612,51,611,612.0
3829,35,24594.0,Basic,Together,1,0,5,5.8,0.7426,29,94,202,29.0
3091,33,75774.0,2n Cycle,Together,1,0,21,39.19,10.678,823,27,59,822.99
10141,54,39228.0,Master,Divorced,0,0,4,5.0,0.2885,20,1,416,20.0
5177,40,58494.0,Master,Married,0,1,16,24.75,2.4,396,56,200,396.0
7005,33,58684.0,Graduation,Single,0,0,21,38.71,45.0,813,71,14,812.91
6409,47,57136.0,Graduation,Divorced,0,0,20,58.95,1.4706,1179,18,408,1179.01
7485,64,56551.0,PhD,Widow,1,1,10,13.8,5.5556,138,48,54,138.0
8079,32,22448.0,Graduation,Married,1,0,9,6.11,2.1774,55,86,124,54.99
8395,53,82014.0,Graduation,Single,0,0,22,68.68,0.972,1511,48,679,1510.93
10352,51,34213.0,Graduation,Widow,1,1,9,13.0,0.4085,117,2,661,117.01
4931,37,157146.0,Graduation,Together,0,0,28,61.79,1.9672,1730,13,427,1730.11
13,67,25358.0,PhD,Widow,0,1,6,5.33,0.5248,32,57,343,31.98
1834,36,35544.0,Master,Single,1,0,6,11.17,1.5789,67,77,114,67.02
2285,60,36634.0,Master,Together,0,1,15,22.33,1.1307,335,0,398,334.96
2295,60,62670.0,PhD,Married,0,1,22,37.5,4.4595,825,57,148,825.01
1378,42,50334.0,2n Cycle,Together,0,1,23,30.17,2.0235,694,24,341,693.92
2781,33,72066.0,Graduation,Single,0,0,17,105.41,72.8571,1792,55,7,1791.97
1165,56,50729.0,PhD,Single,1,1,24,20.67,1.6981,496,62,424,496.08
1404,46,34916.0,Graduation,Together,2,0,13,17.77,0.9489,231,89,411,231.01
6457,38,64892.0,Graduation,Divorced,0,1,24,37.58,22.5,902,77,32,901.92
2639,48,43602.0,Graduation,Single,1,1,9,7.56,1.5789,68,45,171,68.04
8299,25,33996.0,PhD,Single,0,0,6,11.83,0.6164,71,46,292,70.98
6437,29,41473.0,2n Cycle,Single,1,0,6,12.67,0.4787,76,80,376,76.02
6912,47,63246.0,PhD,Married,0,2,22,35.09,2.1019,772,60,314,771.98
7327,55,36732.0,PhD,Married,1,1,9,5.22,1.4754,47,71,183,46.98
5299,44,69084.0,PhD,Married,1,0,25,63.44,3.3632,1586,43,223,1585.99
4127,47,77766.0,PhD,Married,0,1,34,44.97,2.069,1529,97,493,1529.01
8143,29,37929.0,PhD,Single,0,0,13,20.38,1.1642,265,49,335,264.94
1964,63,86610.0,Graduation,Together,0,0,18,89.06,1.8121,1603,66,298,1603.1
3690,28,80141.0,Master,Married,0,0,22,95.05,1.2336,2091,20,535,2091.02
3433,59,72635.0,2n Cycle,Married,0,0,21,46.71,1.6071,981,54,392,980.88
3389,44,69016.0,Graduation,Married,0,1,34,45.09,1.7436,1533,61,585,1533.07
4712,23,20193.0,2n Cycle,Together,0,0,7,11.71,0.3627,82,18,579,81.97
1170,39,27573.0,Graduation,Married,1,0,14,17.43,0.9091,244,45,462,244.02
6347,35,15862.0,Basic,Single,1,0,5,7.2,0.4076,36,26,368,36.0
4065,38,49544.0,PhD,Married,1,0,16,25.25,0.9543,404,0,503,404.01
8230,34,33228.0,Graduation,Married,1,0,6,11.83,1.1392,71,28,158,70.98
1215,36,70440.0,Graduation,Together,0,0,23,68.35,2.6038,1572,49,265,1572.07
5939,43,38232.0,Graduation,Together,1,1,11,11.09,2.0122,122,84,164,121.99
2156,59,22554.0,PhD,Married,1,1,10,4.1,0.4967,41,38,604,41.0
7788,31,23536.0,PhD,Married,1,0,4,2.5,4.6154,10,53,26,10.0
10323,62,49413.0,Graduation,Married,0,1,13,23.38,1.5726,304,88,248,303.94
7947,45,42231.0,Graduation,Married,1,1,5,7.4,1.5464,37,99,97,37.0
1891,34,78789.0,Master,Divorced,0,0,16,109.62,0.6946,1754,12,691,1753.81
2570,46,56534.0,Graduation,Together,0,1,25,32.6,2.193,815,35,342,815.01
9256,43,58350.0,Graduation,Single,0,1,27,37.07,1.4945,1001,5,542,1000.91
295,25,81217.0,Graduation,Single,0,0,22,52.59,1.9075,1157,77,346,1156.97
7397,63,49090.0,Graduation,Single,0,1,21,32.76,1.8208,688,45,346,687.96
6349,27,61787.0,Master,Divorced,0,0,19,69.42,1.5877,1319,71,359,1318.94
10790,29,18169.0,PhD,Married,1,0,4,5.25,0.2419,21,40,496,21.0
10398,33,24336.0,2n Cycle,Single,1,0,4,7.75,0.1786,31,82,672,31.0
2431,24,18222.0,Graduation,Married,0,0,6,11.17,0.3297,67,70,546,67.03
550,62,62335.0,Graduation,Divorced,0,1,21,33.71,1.5633,708,87,403,707.92
1890,43,42033.0,2n Cycle,Together,1,1,4,6.25,0.1849,25,95,649,25.0
10742,31,86580.0,PhD,Married,0,0,11,67.82,0.6762,746,72,488,745.99
10356,57,41437.0,PhD,Divorced,1,1,5,6.4,0.2322,32,5,646,32.0
4676,63,73705.0,Master,Widow,0,2,25,67.8,6.4103,1695,86,117,1695.01
8852,38,61064.0,Graduation,Married,0,1,28,38.57,1.2575,1080,80,668,1079.97
3565,59,38452.0,Master,Married,1,1,9,8.0,2.9348,72,62,92,72.0
5294,25,18358.0,Graduation,Single,1,0,10,5.7,1.3514,57,49,222,57.0
1958,41,55012.0,PhD,Together,0,1,25,26.4,7.4257,660,85,101,660.0
7349,41,9722.0,Basic,Together,1,0,11,9.36,0.5189,103,7,636,102.97
8799,30,38175.0,PhD,Married,1,0,11,13.91,1.1786,153,6,280,153.01
1351,58,58656.0,Master,Together,0,1,32,38.12,1.4815,1220,25,648,1219.86
1045,49,52117.0,Graduation,Together,0,1,13,21.46,0.571,279,55,683,278.97
7732,36,64813.0,Graduation,Married,1,0,20,37.25,3.352,745,81,179,745.01
8070,41,54222.0,PhD,Married,0,1,12,22.0,2.9752,264,98,121,264.0
477,28,83512.0,Graduation,Married,0,0,22,98.05,50.7692,2157,31,13,2157.1
7832,55,77520.0,Master,Married,0,1,23,66.35,2.2549,1526,30,306,1526.05
2202,36,41154.0,Graduation,Together,0,1,6,11.5,0.4027,69,98,447,69.0
7396,48,80398.0,Graduation,Married,0,0,26,61.42,1.3065,1597,92,597,1596.88
4055,22,18746.0,Basic,Single,1,0,8,8.0,7.5,64,41,32,64.0
10340,30,35196.0,Graduation,Together,1,0,18,27.61,0.9091,497,68,594,496.98
10091,58,60230.0,Graduation,Single,0,1,17,62.76,1.2562,1067,78,406,1066.96
7629,37,22108.0,Graduation,Married,1,1,7,4.43,3.9623,31,46,53,31.01
10640,40,44392.0,Graduation,Together,1,1,14,15.07,1.4094,211,71,298,210.98
3498,38,55424.0,PhD,Married,0,1,25,35.08,1.2887,877,6,582,877.03
6742,35,17688.0,Graduation,Married,1,0,4,2.75,0.2251,11,82,533,11.0
1172,31,92491.0,PhD,Married,0,0,25,81.36,1.7647,2034,71,425,2033.99
569,23,90273.0,Graduation,Single,0,0,19,104.79,2.8788,1991,32,198,1991.02
4686,52,82571.0,PhD,Widow,0,0,24,70.25,8.0899,1686,28,89,1686.0
1381,32,38513.0,PhD,Single,1,0,17,19.06,3.3333,324,20,153,324.02
2634,35,16653.0,Master,Single,1,0,9,7.67,3.6986,69,10,73,69.03
10905,59,42586.0,Graduation,Together,1,1,16,15.75,0.7882,252,7,609,252.01
1744,49,23529.0,Basic,Single,0,1,5,10.8,0.2783,54,67,539,54.0
1000,53,74881.0,Master,Together,1,1,27,35.7,1.691,964,48,479,963.89
3828,63,71107.0,Graduation,Married,0,1,28,47.39,1.6867,1327,61,498,1326.88
8605,50,46910.0,PhD,Together,1,1,7,9.71,2.1212,68,36,99,67.97
10304,55,18690.0,Graduation,Married,0,0,5,12.0,0.2732,60,77,549,59.99
4351,59,37244.0,Graduation,Divorced,1,1,5,11.0,0.3497,55,90,429,55.01
10129,48,82427.0,Graduation,Together,0,0,21,69.33,5.7273,1456,35,110,1455.94
2499,56,75342.0,2n Cycle,Single,0,1,18,31.28,1.2857,563,38,420,563.03
10092,60,70044.0,Graduation,Divorced,0,1,26,57.85,1.5694,1504,46,497,1504.08
7500,47,79146.0,Graduation,Single,1,1,19,29.68,8.5075,564,33,67,563.92
5796,51,77437.0,Graduation,Married,0,0,23,48.91,3.1944,1125,70,216,1124.91
10556,55,54984.0,Graduation,Married,0,1,17,21.06,13.7838,358,51,37,358.02
1064,43,42403.0,PhD,Married,1,0,5,8.4,0.7463,42,18,201,42.0
48,50,55761.0,Graduation,Together,0,1,10,18.4,4.4776,184,97,67,184.0
7610,31,37292.0,Graduation,Together,1,0,19,24.21,1.3014,460,32,438,460.0
263,69,45576.0,PhD,Single,0,0,8,18.12,7.2727,145,9,33,144.96
10814,67,70321.0,Graduation,Together,0,0,25,55.04,1.4151,1376,6,530,1376.01
9710,45,58086.0,PhD,Divorced,0,1,23,34.43,1.3118,792,80,526,791.9
9292,62,81795.0,Graduation,Married,0,0,23,60.09,1.1275,1382,74,612,1382.13
10250,67,28389.0,Basic,Together,0,0,4,7.0,0.2044,28,49,587,28.0
7881,68,66835.0,Master,Married,0,0,24,43.04,2.6182,1033,21,275,1032.97
5847,45,69901.0,Graduation,Divorced,0,1,23,38.35,1.738,882,95,397,882.03
737,65,80360.0,PhD,Married,0,0,15,148.73,0.9298,2231,56,484,2231.07
3571,53,63342.0,PhD,Together,0,1,19,57.95,0.9164,1101,48,622,1101.05
7807,40,44989.0,Graduation,Married,0,1,16,23.06,0.7317,369,26,656,368.96
3878,34,31859.0,2n Cycle,Single,1,0,5,9.6,1.2195,48,3,123,48.0
5092,65,51569.0,PhD,Widow,0,1,19,24.58,1.1332,467,39,503,467.02
2154,43,30372.0,Graduation,Widow,1,1,8,5.5,0.4348,44,33,552,44.0
5394,35,16014.0,Basic,Single,1,1,10,3.8,0.6383,38,42,470,38.0
3798,46,41120.0,Graduation,Married,1,1,9,9.0,1.1441,81,80,236,81.0
3524,43,39763.0,Master,Single,1,0,10,16.7,0.9091,167,9,330,167.0
5247,59,38725.0,PhD,Married,1,1,7,6.43,4.1176,45,52,51,45.01
5883,42,77981.0,Graduation,Married,1,0,21,31.62,1.575,664,78,400,664.02
2118,50,62905.0,2n Cycle,Married,0,1,20,31.1,2.0478,622,68,293,622.01
8812,35,13533.0,2n Cycle,Divorced,1,0,7,6.86,0.4403,48,45,477,48.03
6616,39,59481.0,Graduation,Together,0,1,16,28.81,1.92,461,47,250,460.96
2797,37,72117.0,Graduation,Married,0,1,26,41.27,2.4841,1073,34,314,1073.03
4328,28,21955.0,2n Cycle,Married,1,0,8,6.88,0.8108,55,81,296,55.04
9167,58,67131.0,Graduation,Married,0,1,26,37.54,1.692,976,72,461,976.06
10560,34,36802.0,PhD,Single,1,0,5,4.0,10.7143,20,23,14,20.0
2631,32,71853.0,Graduation,Together,0,0,17,67.59,1.2201,1149,29,418,1149.03
8312,53,28249.0,Basic,Married,0,0,6,7.17,12.0,43,80,15,43.02
5534,39,47808.0,Master,Married,0,1,10,22.4,1.1858,224,30,253,224.01
5093,40,25509.0,PhD,Divorced,1,0,9,11.22,0.4154,101,15,650,100.98
7592,68,51012.0,PhD,Married,0,0,10,20.9,0.6849,209,86,438,208.99
8895,29,70596.0,Graduation,Single,0,0,21,46.1,0.9953,968,68,633,968.14
8584,62,85431.0,PhD,Together,0,0,17,68.53,1.3178,1165,54,387,1164.98
2694,47,42664.0,Graduation,Married,0,1,5,4.8,1.4423,24,44,104,24.0
8910,59,42586.0,Graduation,Together,1,1,16,15.75,0.7882,252,7,609,252.01
7433,29,29760.0,Graduation,Single,1,0,12,13.75,0.5373,165,87,670,165.0
164,37,28973.0,PhD,Married,0,0,13,20.69,0.624,269,59,625,268.97
10477,41,39435.0,PhD,Together,1,0,7,14.57,0.6402,102,16,328,101.98
2681,30,65370.0,2n Cycle,Married,0,0,19,24.26,1.7117,461,1,333,460.94
5150,35,20194.0,Basic,Single,1,0,7,6.71,0.375,47,64,560,46.97
5283,38,42473.0,PhD,Single,1,1,10,14.4,2.2556,144,72,133,144.0
9645,46,64590.0,Graduation,Married,0,0,24,55.75,1.1538,1338,98,624,1337.95
10678,55,71232.0,Graduation,Together,0,1,25,36.68,3.5047,917,91,214,917.01
7261,43,34600.0,Graduation,Together,1,1,17,18.71,0.9358,318,8,545,318.08
9648,47,46904.0,Graduation,Single,1,1,14,18.07,0.6954,253,20,604,252.99
2870,41,49094.0,Graduation,Married,0,1,20,25.1,0.9274,502,6,647,502.02
8008,31,36075.0,Graduation,Together,1,0,7,17.0,1.0345,119,54,203,119.0
1513,35,60839.0,2n Cycle,Together,1,1,29,43.1,1.2966,1250,72,671,1249.93
6173,35,77298.0,Graduation,Together,0,1,24,40.38,3.0,969,46,240,969.12
1419,64,34026.0,Graduation,Together,1,1,9,8.44,0.8207,76,11,329,75.96
9150,51,48918.0,PhD,Single,1,1,7,8.86,2.6582,62,21,79,62.02
7960,52,82122.0,2n Cycle,Together,0,0,26,53.15,2.4451,1382,89,319,1381.88
1250,38,37697.0,Graduation,Single,1,0,7,12.0,1.4685,84,82,143,84.0
9905,62,34074.0,Graduation,Together,1,1,14,18.21,1.1932,255,69,352,254.94
10691,54,28520.0,Master,Married,1,1,5,8.6,0.3937,43,55,381,43.0
7002,59,62535.0,Graduation,Single,0,1,14,28.43,1.5556,398,13,270,398.03
2952,37,36273.0,Master,Single,1,0,8,9.5,3.2,76,80,75,76.0
8439,50,63404.0,Graduation,Together,0,2,15,60.13,18.75,902,97,24,901.95
762,33,75774.0,2n Cycle,Together,1,0,21,39.19,10.678,823,27,59,822.99
2831,38,78416.0,Graduation,Together,0,1,26,45.35,260.0,1179,99,3,1179.1
6977,40,75702.0,Graduation,Together,0,1,29,66.24,1.3942,1921,87,624,1920.92
6289,63,59385.0,Master,Together,1,1,10,18.5,0.7009,185,85,428,184.99
4168,48,37070.0,Graduation,Single,1,1,23,18.83,1.4775,433,30,467,433.09
8397,63,44689.0,Graduation,Married,1,1,6,5.67,1.0526,34,82,171,34.02
9284,56,53977.0,Graduation,Together,0,1,27,33.59,2.093,907,21,387,906.92
6237,48,7144.0,PhD,Single,0,2,25,16.64,3.6585,416,92,205,416.0
3130,50,18701.0,Graduation,Single,1,1,10,4.4,0.7673,44,95,391,44.0
1619,58,90369.0,Graduation,Married,0,0,17,93.41,8.0952,1588,2,63,1587.96
1990,40,63159.0,PhD,Single,0,0,17,105.71,0.8472,1797,74,602,1797.12
5513,48,37758.0,Graduation,Together,1,1,6,6.67,0.2839,40,49,634,40.02
269,51,46757.0,PhD,Single,0,1,21,54.43,1.066,1143,71,591,1143.04
8093,45,79734.0,Master,Married,0,0,14,65.29,210.0,914,72,2,914.06
10513,22,63207.0,Graduation,Together,0,0,12,125.17,0.6844,1502,68,526,1502.02
10177,60,72071.0,Graduation,Divorced,0,1,20,66.9,1.1976,1338,4,501,1337.99
2549,31,21840.0,PhD,Together,1,0,5,5.4,0.436,27,80,344,27.0
5782,32,58582.0,2n Cycle,Together,0,1,22,34.68,2.4,763,15,275,762.96
10057,63,72282.0,Graduation,Single,0,0,22,60.5,1.9075,1331,70,346,1330.99
10307,58,50387.0,Graduation,Married,0,2,19,27.63,1.8812,525,91,303,524.97
8566,53,32583.0,PhD,Together,1,1,4,2.25,8.0,9,10,15,9.0
2415,52,62568.0,Graduation,Together,0,1,16,59.56,5.7143,953,99,84,952.96
5684,43,44635.0,Master,Divorced,1,1,7,9.71,0.8015,68,25,262,67.97
8334,43,33316.0,Master,Single,1,1,10,13.1,1.1152,131,34,269,131.0
9166,46,63967.0,Graduation,Married,0,1,23,38.35,2.1231,882,57,325,882.06
1440,36,52513.0,2n Cycle,Together,0,0,25,45.96,1.1295,1149,84,664,1148.98
78,45,25293.0,Graduation,Married,1,0,5,7.4,0.5208,37,51,288,37.0
5441,49,54111.0,PhD,Widow,0,1,15,25.87,1.4563,388,97,309,388.05
5302,28,78394.0,Graduation,Together,0,0,16,89.25,0.96,1428,13,500,1428.0
4687,56,80739.0,Master,Married,0,0,24,68.04,1.7866,1633,92,403,1632.96
1087,39,22669.0,Master,Together,1,0,10,17.3,0.7426,173,30,404,173.01
6859,27,29236.0,Graduation,Single,1,0,9,11.0,1.0189,99,30,265,99.0
9860,55,44911.0,Graduation,Together,0,1,12,17.92,0.7627,215,11,472,215.04
7129,52,54693.0,PhD,Married,0,1,31,29.97,1.8675,929,72,498,929.08
5866,40,48186.0,Graduation,Together,1,0,12,18.25,3.5294,219,39,102,219.0
10521,37,54809.0,Graduation,Married,1,1,12,14.5,1.2329,174,0,292,174.0
7393,36,41580.0,Graduation,Together,1,1,9,10.22,0.4762,92,15,567,91.98
7849,44,80336.0,PhD,Married,0,0,25,42.08,2.551,1052,12,294,1051.99
332,57,47743.0,Graduation,Married,0,1,14,19.64,0.9032,275,56,465,274.95
9847,59,62972.0,2n Cycle,Married,0,1,16,36.69,0.6897,587,39,696,587.08
531,60,57333.0,PhD,Divorced,0,1,33,50.36,1.5325,1662,55,646,1661.87
9576,32,32313.0,PhD,Together,1,0,11,14.45,0.6548,159,60,504,158.96
6906,61,84953.0,Master,Widow,0,0,18,56.89,1.3776,1024,73,392,1024.06
7419,46,27071.0,Master,Divorced,1,0,7,5.0,3.0882,35,90,68,35.0
3170,57,68148.0,Master,Together,0,0,15,69.47,1.4851,1042,86,303,1042.02
8527,49,65735.0,Master,Together,1,1,19,20.79,2.7805,395,37,205,395.01
7872,39,86836.0,PhD,Married,0,0,23,24.22,1.0518,557,7,656,557.04
9931,51,4023.0,PhD,Married,1,1,15,0.6,64.2857,9,29,7,9.0
10595,24,30093.0,Graduation,Married,0,0,6,11.5,0.5042,69,19,357,69.0
4609,48,57705.0,PhD,Married,0,1,18,27.0,3.1765,486,14,170,486.0
5010,26,25008.0,Graduation,Single,1,0,6,5.67,1.2162,34,72,148,34.02
4427,19,83257.0,2n Cycle,Single,0,0,28,48.75,1.2923,1365,56,650,1364.99
11148,39,22280.0,Graduation,Together,1,0,4,3.25,0.2948,13,85,407,13.0
1168,36,72159.0,PhD,Married,0,0,21,66.71,1.0345,1401,62,609,1400.93
9595,53,64260.0,Graduation,Together,0,0,14,112.43,0.785,1574,1,535,1573.93
10163,30,82733.0,PhD,Single,0,0,20,66.15,2.0478,1323,28,293,1323.01
2886,43,74290.0,Master,Divorced,0,1,32,38.03,2.9814,1217,70,322,1216.97
6710,63,58217.0,Master,Single,2,1,7,14.71,0.3559,103,84,590,102.96
5316,38,21024.0,Master,Together,0,0,7,12.0,0.5817,84,89,361,84.0
9029,42,70116.0,PhD,Married,0,0,23,66.78,1.3269,1536,73,520,1535.91
521,29,54006.0,Graduation,Together,1,0,18,32.28,0.8308,581,42,650,581.06
1459,48,69063.0,PhD,Married,0,1,14,66.29,0.7,928,16,600,928.06
10241,39,11448.0,2n Cycle,Divorced,0,0,4,3.5,0.6091,14,16,197,14.0
1630,35,61825.0,Graduation,Single,0,1,15,28.27,1.3761,424,56,327,424.04
3254,43,70886.0,Graduation,Married,1,0,14,68.57,1.6216,960,65,259,959.97
9064,32,69109.0,Graduation,Married,0,0,20,77.75,1.0033,1555,10,598,1554.93
3678,41,60208.0,Graduation,Widow,1,1,29,22.62,1.3788,656,13,631,656.0
4227,46,32889.0,Master,Together,1,1,9,6.11,0.9091,55,78,297,54.99
9467,30,34738.0,Graduation,Single,1,0,5,4.0,3.0,20,51,50,20.0
8486,43,30538.0,Master,Together,1,0,17,21.59,0.8006,367,27,637,367.02
2186,37,82326.0,2n Cycle,Together,0,0,22,102.59,5.8929,2257,30,112,2257.0
3286,47,26642.0,PhD,Divorced,1,0,7,6.0,1.7355,42,71,121,42.0
8602,50,69932.0,Graduation,Divorced,0,1,26,40.35,2.0366,1049,97,383,1049.12
3722,42,44503.0,Graduation,Single,1,1,7,6.86,2.8,48,83,75,48.02
6715,66,60200.0,PhD,Single,0,1,25,27.4,1.3787,685,3,544,685.01
4796,62,49638.0,Graduation,Divorced,0,1,5,7.8,2.0833,39,71,72,39.0
9612,27,23830.0,2n Cycle,Single,0,0,5,8.6,1.049,43,3,143,43.0
3766,55,33051.0,Master,Widow,0,0,21,39.76,0.9224,835,15,683,834.96
1399,56,72905.0,Graduation,Married,0,0,20,75.75,3.75,1515,52,160,1515.0
1570,63,69702.0,PhD,Together,0,1,26,39.96,1.5726,1039,8,496,1038.97
3426,39,70300.0,Graduation,Divorced,1,0,26,61.38,2.2286,1596,89,350,1595.9
3074,30,70643.0,PhD,Married,0,0,18,101.56,0.8668,1828,66,623,1828.14
8341,45,30396.0,PhD,Married,1,0,6,5.67,2.9508,34,22,61,34.02
5180,46,50616.0,PhD,Divorced,0,1,10,14.9,4.1096,149,56,73,149.0
6461,45,62772.0,Master,Single,0,1,23,41.13,1.6953,946,74,407,945.97
7679,29,30298.0,PhD,Single,0,0,6,4.67,4.2857,28,48,42,28.02
10702,30,52413.0,Graduation,Single,1,0,17,26.47,0.8444,450,67,604,450.01
7505,57,44155.0,PhD,Married,1,1,5,9.2,0.9259,46,24,162,46.0
5113,43,86979.0,PhD,Divorced,0,0,16,106.38,2.0426,1702,67,235,1702.12
10858,39,76532.0,Graduation,Together,1,1,25,32.8,2.551,820,38,294,819.99
2961,32,42081.0,Graduation,Married,1,0,15,25.47,0.9202,382,86,489,382.03
2747,26,67546.0,PhD,Married,0,0,20,106.3,0.8982,2126,90,668,2125.99
3010,25,88420.0,Master,Together,0,0,20,103.45,10.1695,2069,87,59,2069.0
5790,29,31158.0,Graduation,Married,1,0,7,10.29,0.4046,72,62,519,72.03
6892,46,61671.0,Graduation,Divorced,0,1,28,26.14,31.1111,732,23,27,731.92
1743,40,69719.0,Graduation,Single,0,0,11,72.82,9.4286,801,99,35,801.02
3578,65,49160.0,Graduation,Divorced,0,1,12,19.67,1.4229,236,29,253,236.04
8462,36,24882.0,Basic,Together,1,0,5,16.0,0.2276,80,52,659,79.99
5558,60,90933.0,PhD,Single,0,0,15,112.33,4.9451,1685,90,91,1684.97
4619,69,113734.0,PhD,Single,0,0,27,10.26,24.5455,277,9,33,277.02
8780,64,59292.0,PhD,Together,0,1,18,28.17,1.4136,507,71,382,507.06
10789,50,45759.0,PhD,Married,1,1,7,9.71,0.4268,68,13,492,67.97
10779,31,22148.0,Graduation,Single,0,0,5,9.8,1.9231,49,16,78,49.0
5896,27,73395.0,Master,Married,0,0,15,26.47,4.3269,397,94,104,397.05
2337,43,29819.0,Graduation,Divorced,1,0,9,4.33,1.0843,39,77,249,38.97
10951,46,45688.0,Graduation,Married,0,1,14,21.86,2.6923,306,20,156,306.04
544,60,62820.0,Graduation,Married,0,0,14,69.71,1.012,976,51,415,975.89
17,43,60491.0,PhD,Married,0,1,28,36.71,2.8283,1028,81,297,1027.89
10680,28,33235.0,Graduation,Together,1,0,7,10.0,1.4483,70,71,145,70.0
3265,55,35701.0,Graduation,Married,0,0,5,9.2,0.3205,46,36,468,46.0
5623,34,31535.0,Master,Married,1,0,5,10.2,0.5415,51,95,277,51.0
5832,54,92556.0,2n Cycle,Together,0,0,21,60.14,8.8732,1263,32,71,1262.93
5544,44,67384.0,Graduation,Single,0,1,22,67.73,1.1055,1490,32,597,1490.02
6417,43,80573.0,Master,Together,0,0,24,65.17,1.1538,1564,85,624,1564.02
5831,47,77870.0,Graduation,Married,0,1,18,100.83,0.7976,1815,93,677,1814.86
7101,51,52278.0,PhD,Widow,0,1,31,38.65,1.785,1198,24,521,1198.13
10176,46,57107.0,Graduation,Single,0,1,23,18.09,1.0222,416,44,675,416.06
2326,24,18929.0,Graduation,Married,0,0,6,14.17,0.3607,85,15,499,85.01
4385,33,36038.0,PhD,Single,1,0,8,5.88,0.6076,47,82,395,47.04
2929,38,20180.0,Graduation,Single,0,0,8,17.12,0.4848,137,27,495,136.95
10686,49,34230.0,PhD,Together,1,1,4,5.25,0.2178,21,72,551,21.0
2546,37,31878.0,2n Cycle,Single,0,1,6,11.67,22.5,70,7,8,70.02
3283,42,70932.0,2n Cycle,Married,0,1,22,41.32,4.0741,909,57,162,909.05
3138,58,91249.0,Graduation,Single,0,0,22,76.18,1.068,1676,84,618,1676.02
4994,71,77598.0,Master,Single,0,0,26,66.73,2.8676,1735,53,272,1734.95
7966,55,80982.0,Graduation,Single,1,1,30,39.7,1.6729,1191,48,538,1191.03
3112,37,22701.0,Master,Married,1,0,5,4.8,0.5034,24,2,298,24.0
10872,45,55212.0,PhD,Married,0,1,20,59.1,1.0274,1182,65,584,1182.0
2181,44,70617.0,Graduation,Married,0,0,14,91.43,1.129,1280,45,372,1279.98
1867,57,64849.0,Graduation,Single,0,0,19,70.32,0.9596,1336,42,594,1336.09
1518,49,62694.0,Master,Married,1,1,24,31.21,1.9048,749,29,378,749.05
5734,40,61917.0,PhD,Married,1,1,7,13.0,0.9459,91,83,222,91.0
2878,67,67472.0,PhD,Married,0,1,15,27.6,1.6364,414,93,275,414.01
1458,32,21059.0,Master,Married,1,0,9,4.89,1.5517,44,40,174,44.01
7007,46,29543.0,Master,Married,2,0,8,7.88,2.6667,63,47,90,63.04
6200,63,75903.0,Graduation,Married,0,1,23,39.17,1.5402,901,50,448,900.92
1403,39,34984.0,2n Cycle,Together,1,1,6,6.33,0.2719,38,40,662,37.98
4827,58,54998.0,PhD,Single,0,1,20,22.75,1.2579,455,3,477,455.01
6250,65,54356.0,PhD,Widow,0,1,24,32.29,1.2245,775,62,588,774.97
9291,55,34242.0,Master,Married,0,1,4,3.75,1.2121,15,25,99,15.0
2478,41,25410.0,Graduation,Married,1,0,6,6.33,0.5941,38,48,303,37.98
1139,30,73356.0,PhD,Married,0,0,22,68.73,4.5833,1512,56,144,1512.05
5138,64,28320.0,Graduation,Together,0,1,5,8.6,0.282,43,68,532,43.01
5393,37,23763.0,Graduation,Single,1,0,5,8.4,0.2168,42,64,692,42.01
10413,30,72570.0,Graduation,Married,0,0,23,47.35,10.4545,1089,67,66,1089.05
5015,38,34529.0,Master,Married,1,0,9,18.0,0.4128,162,94,654,161.98
10868,63,70792.0,Graduation,Widow,0,0,19,66.95,1.1198,1272,82,509,1272.0
10676,32,63211.0,Graduation,Married,0,0,20,58.65,0.9917,1173,3,605,1172.96
2495,40,83891.0,Master,Married,0,1,22,37.09,66.0,816,24,10,815.98
7842,46,36065.0,Graduation,Single,1,1,9,8.22,0.5921,74,54,456,73.98
9955,60,39898.0,Graduation,Together,0,1,9,14.89,0.5368,134,20,503,134.02
6663,74,51141.0,PhD,Single,0,0,9,17.44,0.7563,157,96,357,156.96
2162,38,56939.0,Graduation,Married,0,1,18,31.17,1.8947,561,19,285,561.05
3434,63,80872.0,Graduation,Single,0,0,19,70.32,11.6327,1336,60,49,1336.09
7919,38,72335.0,PhD,Together,0,0,23,90.96,1.0058,2092,2,686,2092.02
5626,50,61798.0,PhD,Single,0,0,16,28.94,2.1918,463,13,219,463.04
6428,64,76842.0,PhD,Widow,0,0,17,66.47,8.7931,1130,37,58,1129.99
8514,38,29478.0,Graduation,Together,1,0,5,4.0,0.9146,20,59,164,20.0
10448,58,46998.0,Graduation,Single,0,1,18,20.94,0.8766,377,55,616,376.91
2109,24,96843.0,Graduation,Single,0,0,28,55.14,1.94,1544,60,433,1543.96
7530,64,56551.0,PhD,Widow,1,1,10,13.8,5.5556,138,48,54,138.0
8925,49,70053.0,Master,Married,0,1,26,38.92,2.1547,1012,38,362,1011.92
3009,52,71670.0,PhD,Widow,0,0,15,117.73,1.264,1766,8,356,1765.89
6355,36,44359.0,Graduation,Married,1,1,9,5.0,20.7692,45,19,13,45.0
3517,62,40887.0,Graduation,Single,1,1,10,16.1,0.7143,161,32,420,161.0
1158,48,48877.0,Graduation,Divorced,0,1,8,18.0,1.3636,144,27,176,144.0
6203,67,74485.0,Graduation,Together,0,0,26,66.69,2.5161,1734,58,310,1733.92
7165,42,64474.0,Graduation,Together,0,1,22,37.41,2.6295,823,59,251,823.03
3595,51,77226.0,Graduation,Together,0,1,28,40.64,6.8852,1138,29,122,1137.91
8537,65,72643.0,Graduation,Widow,0,0,21,68.05,1.291,1429,60,488,1429.07
4331,36,85738.0,Master,Together,0,0,21,65.29,3.9873,1371,41,158,1371.08
6281,48,55686.0,Graduation,Divorced,0,1,16,61.38,0.9581,982,27,501,982.1
4338,31,39062.0,Graduation,Single,1,0,5,8.8,1.5464,44,28,97,44.0
2452,43,34600.0,Graduation,Together,1,1,17,18.71,0.9358,318,8,545,318.08
9507,39,40794.0,Graduation,Married,0,1,16,27.12,1.069,434,18,449,433.9
8360,43,54690.0,2n Cycle,Married,1,1,12,16.5,1.5319,198,76,235,198.0
10311,45,4428.0,Graduation,Married,0,1,25,14.36,2.7985,359,0,268,359.0
5117,51,32632.0,2n Cycle,Married,0,0,18,32.0,0.7747,576,32,697,575.96
4867,46,38236.0,PhD,Single,1,1,11,8.0,1.1661,88,2,283,88.0
9289,35,36781.0,Graduation,Married,1,0,6,10.5,2.2222,63,16,81,63.0
10913,30,31385.0,Master,Single,1,0,4,6.75,0.2098,27,56,572,27.0
3032,30,24570.0,Graduation,Married,1,0,11,17.55,0.6762,193,97,488,193.04
8524,40,25509.0,PhD,Divorced,1,0,9,11.22,0.4154,101,15,650,100.98
3334,63,94642.0,Graduation,Married,0,0,21,105.29,4.5652,2211,35,138,2211.08
4470,52,58646.0,Master,Married,0,1,8,17.5,0.6234,140,3,385,140.01
1406,39,53201.0,Graduation,Single,1,1,22,18.86,1.3121,415,49,503,414.91
8619,57,21994.0,Graduation,Together,0,1,4,5.5,0.217,22,4,553,22.0
10821,36,57113.0,Graduation,Married,1,1,16,16.44,0.943,263,45,509,263.03
4552,23,51373.0,Graduation,Married,0,0,12,32.75,0.9651,393,37,373,392.98
898,28,23477.0,Graduation,Married,1,0,10,14.7,1.1905,147,39,252,147.0
9797,58,58116.0,Graduation,Married,0,1,16,27.69,6.1538,443,38,78,443.04
10949,51,72968.0,PhD,Divorced,0,0,19,103.05,2.9082,1958,8,196,1957.97
8212,43,39791.0,Master,Married,0,1,10,17.4,0.6536,174,89,459,174.0
6248,67,91712.0,Master,Single,0,0,27,82.11,3.1641,2217,47,256,2217.0
10164,56,94472.0,Graduation,Single,0,1,16,105.69,5.4545,1691,75,88,1691.03
4547,54,13672.0,Graduation,Together,1,1,6,4.17,0.41,25,86,439,25.02
6815,34,96547.0,2n Cycle,Married,0,0,21,38.52,16.5789,809,4,38,808.92
4122,39,79205.0,Graduation,Married,0,0,16,55.94,0.7164,895,73,670,895.02
10841,39,56559.0,PhD,Together,0,1,18,26.89,0.9783,484,46,552,484.04
5370,41,32644.0,PhD,Married,1,0,18,22.94,1.0189,413,38,530,412.93
176,34,67506.0,2n Cycle,Single,0,1,12,27.58,2.0112,331,73,179,330.96
4860,44,24206.0,Graduation,Single,1,0,5,5.0,0.3132,25,66,479,25.0
10757,47,28420.0,PhD,Divorced,1,0,4,3.25,0.6383,13,36,188,13.0
4023,44,22979.0,Graduation,Married,1,0,10,11.5,0.4532,115,29,662,115.01
6679,48,33279.0,Graduation,Single,0,0,4,4.0,6.6667,16,29,18,16.0
9923,42,46423.0,Master,Single,1,1,9,10.22,0.9474,92,6,285,91.98
7181,37,30368.0,Graduation,Married,0,1,7,7.43,0.8936,52,97,235,52.01
3599,44,63684.0,Graduation,Married,0,1,23,63.65,1.1876,1464,61,581,1463.94
405,50,41638.0,Graduation,Divorced,0,1,17,25.94,1.0159,441,68,502,440.96
6870,55,68805.0,PhD,Divorced,0,1,12,23.58,1.2587,283,73,286,282.95
832,48,65814.0,PhD,Together,0,1,23,32.48,5.75,747,90,120,747.04
2002,56,71964.0,Graduation,Divorced,0,0,17,110.0,1.2562,1870,81,406,1870.06
3657,28,39146.0,Graduation,Single,1,0,11,15.0,0.6587,165,1,501,165.0
500,37,96876.0,Graduation,Together,0,0,24,80.88,2.1951,1941,79,328,1941.1
1951,33,34445.0,Basic,Married,0,0,27,31.07,1.5607,839,92,519,838.89
3262,56,68281.0,Graduation,Single,0,0,25,66.2,1.0838,1655,31,692,1654.98
4102,39,37284.0,2n Cycle,Married,1,1,4,5.75,0.262,23,46,458,23.0
7042,31,36790.0,Graduation,Married,0,0,6,11.0,0.3704,66,14,486,66.01
10598,47,27943.0,Graduation,Together,1,1,8,4.62,0.5442,37,89,441,36.96
255,63,22263.0,Graduation,Divorced,1,1,6,3.5,1.9565,21,31,92,21.0
2375,42,30261.0,Graduation,Together,1,2,4,5.5,0.1866,22,75,643,22.0
9829,36,28587.0,Graduation,Together,1,0,9,8.67,1.9565,78,42,138,78.03
6214,32,43815.0,Master,Married,1,0,6,13.17,0.3991,79,53,451,79.02
4954,58,48195.0,Graduation,Married,1,1,17,15.59,3.1875,265,53,160,265.03
7861,62,77027.0,Master,Married,0,1,19,61.84,3.931,1175,23,145,1174.95
4837,49,71322.0,PhD,Married,0,1,28,46.61,1.6834,1305,57,499,1305.11
9423,35,32765.0,Master,Married,1,0,8,5.75,1.8898,46,49,127,46.0
4198,49,29672.0,Graduation,Together,1,1,4,6.25,0.2526,25,6,475,25.0
153,61,23272.0,Graduation,Divorced,0,0,5,9.2,0.5859,46,29,256,46.0
9323,65,49912.0,Master,Together,0,1,26,33.62,1.18,874,5,661,874.1
10001,29,7500.0,2n Cycle,Together,1,0,10,10.0,0.4298,100,98,698,100.0
3945,67,68117.0,PhD,Widow,0,1,25,37.2,1.5723,930,80,477,929.98
3799,59,67225.0,Graduation,Married,0,1,23,37.74,3.1944,868,4,216,868.01
8625,38,17649.0,Graduation,Married,1,0,9,5.0,1.1739,45,70,230,45.0
3491,39,55914.0,Graduation,Together,0,1,29,43.45,2.0375,1260,32,427,1260.07
983,30,40059.0,Graduation,Married,1,0,12,34.5,1.3091,414,82,275,414.0
9119,64,60905.0,Graduation,Together,0,1,15,26.13,2.1739,392,27,207,391.95
4786,37,75330.0,Graduation,Married,1,1,29,38.24,1.3722,1109,94,634,1108.93
5872,63,60689.0,Graduation,Single,0,1,22,29.05,1.6751,639,23,394,639.09
6568,30,38680.0,Graduation,Married,1,0,6,13.17,0.3922,79,97,459,79.03
5628,32,61416.0,Graduation,Together,0,0,24,69.38,1.4201,1665,25,507,1665.1
5631,23,49767.0,Graduation,Single,0,0,18,38.44,1.2736,692,92,424,691.93
4974,44,83273.0,Graduation,Single,1,2,29,48.0,1.353,1392,98,643,1391.97
8416,33,29009.0,Graduation,Married,1,0,7,6.29,0.9859,44,19,213,44.03
5454,35,45057.0,Master,Married,1,0,6,8.33,0.8531,50,80,211,49.98
4095,43,37150.0,Graduation,Married,1,0,21,22.24,0.9589,467,80,657,467.04
5474,44,43020.0,Graduation,Single,1,0,12,18.58,1.6981,223,79,212,222.96
4268,55,53154.0,Graduation,Married,0,1,9,17.56,12.8571,158,50,21,158.04
10701,41,65308.0,Graduation,Married,0,0,28,43.25,2.8767,1211,60,292,1210.99
3507,44,76467.0,Graduation,Single,1,0,14,112.5,0.6158,1575,44,682,1574.91
2079,67,81044.0,2n Cycle,Married,0,0,22,54.91,3.5676,1208,0,185,1208.03
626,63,32871.0,Graduation,Married,1,1,5,8.6,0.3138,43,28,478,43.0
4426,39,55801.0,Graduation,Single,1,1,21,25.1,2.242,527,35,281,527.1
2591,55,76320.0,Graduation,Widow,0,1,15,62.13,56.25,932,49,8,931.95
10509,59,36927.0,Master,Single,1,1,8,8.88,8.5714,71,46,28,71.04
6382,61,48794.0,Graduation,Together,1,1,5,10.8,37.5,54,97,4,54.0
6673,49,23478.0,Graduation,Single,0,0,7,18.43,0.4487,129,51,468,129.0
7441,41,71128.0,Graduation,Divorced,1,0,27,59.81,1.2816,1615,80,632,1614.81
1071,38,70179.0,PhD,Divorced,0,1,26,39.77,2.2674,1034,10,344,1034.0
10061,64,59462.0,Graduation,Married,0,1,25,43.52,1.3863,1088,29,541,1087.98
7187,45,,Master,Together,1,1,25,28.84,1.8382,721,52,408,720.99
8775,45,38361.0,Graduation,Together,1,0,10,13.7,1.6216,137,74,185,137.0
1612,33,,PhD,Single,1,0,8,5.88,0.6076,47,82,395,47.04
2345,32,70038.0,PhD,Together,0,0,17,73.18,2.0565,1244,54,248,1244.09
322,36,42554.0,Graduation,Together,1,1,7,5.86,0.3933,41,93,534,41.02
10897,40,67445.0,Graduation,Married,0,1,32,36.69,1.3974,1174,63,687,1174.1
123,63,67046.0,Graduation,Widow,0,1,15,66.2,0.8333,993,92,540,992.96
6103,66,42192.0,Graduation,Married,0,0,7,14.29,0.7071,100,40,297,100.03
7899,62,77610.0,PhD,Married,0,1,17,98.82,0.8374,1680,70,609,1679.86
10500,30,31761.0,Graduation,Married,1,0,9,10.89,3.1395,98,96,86,98.01
1655,35,34350.0,Graduation,Together,1,0,5,9.6,0.5906,48,81,254,48.0
2406,65,54591.0,Graduation,Together,0,1,19,27.32,1.7325,519,63,329,519.07
2712,58,71866.0,Graduation,Married,0,1,20,35.75,3.2086,715,85,187,715.01
5517,45,25293.0,Graduation,Married,1,0,5,7.4,0.5208,37,51,288,37.0
10643,27,42000.0,PhD,Single,0,0,20,32.65,1.1194,653,23,536,653.0
2254,31,69520.0,Graduation,Married,0,0,21,69.29,1.7598,1455,95,358,1455.11
10281,44,64713.0,Graduation,Divorced,1,0,19,31.68,3.986,602,11,143,601.92
6958,37,27889.0,Master,Married,1,0,5,5.2,0.4167,26,42,360,26.0
954,54,22123.0,Basic,Widow,0,0,7,14.57,2.2105,102,77,95,101.99
5079,43,,Graduation,Married,1,1,10,9.7,0.6198,97,82,484,96.99
10339,60,,Master,Together,0,1,11,18.82,0.8871,207,83,372,207.02
4643,41,27803.0,Graduation,Married,1,0,9,19.56,0.4012,176,40,673,176.04
3117,59,,Graduation,Single,0,1,15,30.0,1.7647,450,95,255,450.0
6497,54,51651.0,Graduation,Married,0,1,17,25.47,0.85,433,32,600,432.99
5396,26,68487.0,Graduation,Married,0,0,30,45.53,1.6886,1366,48,533,1365.94
5250,71,,Master,Widow,0,0,22,71.09,2.716,1564,75,243,1563.95
1052,45,56796.0,Graduation,Married,0,1,27,37.07,1.6232,1001,24,499,1000.86
2802,22,87000.0,2n Cycle,Married,0,0,18,53.39,0.9609,961,61,562,961.07
6343,55,79823.0,Graduation,Married,0,1,23,66.0,7.5824,1518,6,91,1518.0
6507,34,30828.0,Graduation,Single,1,0,8,7.0,0.8922,56,16,269,56.0
7901,43,34109.0,Master,Married,0,1,4,5.5,0.5085,22,39,236,22.0
4865,40,53367.0,Master,Divorced,1,1,21,19.05,2.0792,400,2,303,400.05
2686,45,22390.0,Basic,Together,0,0,4,6.5,0.4762,26,49,252,26.0
3107,38,71322.0,Graduation,Together,0,1,13,26.92,6.6102,350,31,59,349.96
7734,21,79244.0,Graduation,Absurd,0,0,22,55.27,1.1828,1216,58,558,1215.94
1146,65,49912.0,Master,Together,0,1,26,33.62,1.18,874,5,661,874.1
11031,64,48699.0,PhD,Married,1,1,5,8.0,0.3704,40,90,405,40.0
7428,39,80144.0,Graduation,Together,0,0,19,71.95,2.0879,1367,47,273,1367.04
975,58,54252.0,Graduation,Single,1,1,15,17.6,1.1307,264,25,398,264.01
1103,38,81929.0,Master,Married,1,0,20,102.65,0.939,2053,60,639,2053.07
3422,39,76068.0,Graduation,Married,0,1,10,137.6,0.519,1376,67,578,1375.92
1055,38,53204.0,Master,Married,1,1,5,9.0,1.4706,45,40,102,45.0
6544,65,67911.0,PhD,Together,0,1,27,36.15,20.7692,976,63,39,976.05
1241,30,14796.0,2n Cycle,Married,1,0,6,8.5,0.2765,51,1,651,51.0
2909,40,78128.0,PhD,Married,0,1,20,63.2,4.5802,1264,89,131,1264.01
5802,42,14188.0,Basic,Married,0,0,7,10.71,0.4312,75,40,487,74.97
1407,28,20425.0,Basic,Married,1,0,7,8.14,0.3448,57,5,609,56.98
6183,52,58646.0,Master,Married,0,1,8,17.5,0.6234,140,3,385,140.01
340,44,72967.0,Graduation,Divorced,0,1,19,26.16,1.0142,497,1,562,497.02
5991,65,48150.0,Master,Married,0,1,13,20.46,1.0078,266,24,387,265.99
3104,53,82332.0,Graduation,Single,0,0,21,95.52,0.9677,2006,89,651,2005.83
9729,59,58275.0,Graduation,Widow,1,1,23,26.74,1.7557,615,48,393,615.01
1008,33,44953.0,PhD,Together,0,0,24,42.54,1.295,1021,31,556,1020.99
11091,61,34587.0,Graduation,Together,1,1,6,3.67,4.0,22,68,45,22.02
3969,40,43018.0,Master,Together,0,1,7,19.0,0.8714,133,46,241,133.0
1916,60,45736.0,Master,Married,0,1,19,23.0,1.6716,437,92,341,437.01
9907,45,66476.0,Master,Together,0,1,26,38.96,3.75,1013,80,208,1012.96
87,33,27733.0,2n Cycle,Married,1,0,7,8.14,0.6818,57,16,308,56.98
8659,62,69805.0,PhD,Together,0,1,27,38.44,5.0625,1038,50,160,1037.88
6262,52,72217.0,Master,Single,0,0,22,71.5,1.4798,1573,93,446,1572.98
6147,43,25818.0,Graduation,Divorced,1,0,4,7.0,0.1935,28,51,620,27.99
8832,38,37509.0,Master,Together,1,0,9,13.67,0.4116,123,24,656,123.03
10067,38,25176.0,2n Cycle,Together,1,1,4,3.25,0.3704,13,79,324,13.0
7532,34,43586.0,Graduation,Married,0,1,10,13.2,0.4484,132,26,669,131.99
4915,58,53230.0,2n Cycle,Married,0,1,23,31.83,0.9914,732,86,696,732.11
2115,57,50116.0,Graduation,Together,1,1,7,9.43,21.0,66,68,10,66.01
2088,42,84906.0,Graduation,Together,0,0,24,67.96,2.6766,1631,98,269,1631.05
2493,48,61286.0,Graduation,Married,0,1,18,33.78,1.6265,608,34,332,608.04
6292,28,82333.0,PhD,Married,0,0,18,101.22,1.1816,1822,60,457,1821.93
1631,49,65220.0,PhD,Together,0,0,23,55.74,1.0376,1282,3,665,1282.03
10104,40,33590.0,Graduation,Together,2,1,4,2.0,0.5021,8,65,239,8.0
3006,38,30992.0,Graduation,Divorced,1,0,5,8.6,0.3456,43,83,434,43.0
3919,38,72309.0,Master,Single,0,0,20,96.55,1.2605,1931,64,476,1930.99
11181,65,156924.0,PhD,Married,0,0,0,,0.0,8,85,305,0.0
642,34,16005.0,Basic,Married,1,0,8,12.88,0.3504,103,69,685,103.05
4369,57,65487.0,Master,Absurd,0,0,17,68.76,2.9825,1169,48,171,1168.94
10127,49,58692.0,Graduation,Married,0,1,15,26.33,5.2941,395,21,85,394.95
271,45,40590.0,Graduation,Widow,1,1,15,17.2,1.6605,258,30,271,258.0
4973,44,20587.0,Graduation,Single,1,0,5,5.0,3.0,25,39,50,25.0
2948,60,62637.0,Master,Divorced,0,1,10,18.5,2.4793,185,76,121,185.0
2715,48,29435.0,Master,Divorced,1,1,11,16.36,0.4762,180,11,693,179.96
10432,40,19346.0,Graduation,Divorced,1,0,5,4.4,0.9934,22,26,151,22.0
9216,43,35788.0,Graduation,Married,1,1,7,6.29,1.3291,44,34,158,44.03
7124,46,36997.0,Graduation,Divorced,1,1,12,7.83,0.7004,94,72,514,93.96
9727,57,23539.0,Graduation,Married,0,0,7,11.57,1.7213,81,13,122,80.99
5136,41,65333.0,Graduation,Single,0,1,28,28.5,5.122,798,58,164,798.01
9790,57,78499.0,Graduation,Single,0,0,19,70.21,2.6027,1334,12,219,1333.97
1818,43,29732.0,PhD,Together,1,0,5,7.6,1.5464,38,23,97,38.0
1100,54,41275.0,Master,Together,1,2,11,5.55,3.3673,61,33,98,61.05
7873,41,63516.0,PhD,Together,1,1,16,18.75,1.337,300,30,359,299.99
10609,52,42769.0,PhD,Married,0,1,8,11.0,0.9195,88,15,261,88.0
6950,56,49572.0,Master,Married,1,1,7,7.71,1.066,54,25,197,53.97
7233,42,69209.0,Graduation,Married,0,0,16,111.38,0.7373,1782,4,651,1782.01
9481,38,17148.0,Graduation,Married,1,0,11,6.18,2.1569,68,80,153,67.98
7699,45,40590.0,Graduation,Widow,1,1,15,17.2,1.6605,258,30,271,258.0
2711,38,30560.0,Master,Together,1,0,5,6.2,0.4076,31,6,368,31.0
8933,31,32146.0,2n Cycle,Married,1,0,8,8.25,4.898,66,16,49,66.0
8726,50,41713.0,2n Cycle,Divorced,1,1,13,13.38,6.2903,174,57,62,173.94
1515,39,34176.0,Master,Together,0,1,5,5.6,0.9434,28,9,159,28.0
5186,59,58482.0,PhD,Married,0,1,22,33.23,6.0,731,59,110,731.06
10157,49,59686.0,Graduation,Single,0,1,12,22.83,2.3077,274,78,156,273.96
5667,50,60896.0,PhD,Married,0,1,26,65.42,1.244,1701,90,627,1700.89
902,34,62994.0,Graduation,Together,1,0,13,24.0,3.3051,312,74,118,312.0
977,57,47320.0,Graduation,Together,0,1,20,20.7,1.8018,414,10,333,414.0
7313,65,74859.0,2n Cycle,Widow,0,0,23,68.04,1.7602,1565,63,392,1564.92
7600,22,15253.0,Basic,Single,1,0,6,4.83,0.7347,29,13,245,28.98
9706,40,31560.0,PhD,Single,1,0,8,11.75,0.6469,94,98,371,94.0
2429,60,72071.0,Graduation,Divorced,0,1,20,66.9,1.1976,1338,4,501,1337.99
3520,24,91172.0,Master,Single,0,0,14,78.0,0.913,1092,94,460,1091.95
10394,30,90000.0,Graduation,Married,0,0,18,82.17,2.8571,1479,91,189,1479.04
4548,33,41967.0,Graduation,Single,1,1,5,10.8,0.6849,54,66,219,54.0
9362,49,69263.0,Graduation,Single,0,1,18,31.56,4.6154,568,14,117,568.08
3968,44,65706.0,2n Cycle,Divorced,0,0,27,44.41,2.2071,1199,77,367,1199.08
4084,39,60934.0,Graduation,Together,0,1,23,37.96,4.2073,873,41,164,873.08
6721,63,71965.0,Graduation,Married,0,1,17,71.35,1.5179,1213,21,336,1212.98
2829,59,65210.0,Graduation,Married,0,1,22,33.23,5.8929,731,25,112,731.07
1772,39,79174.0,PhD,Married,0,0,19,107.53,1.0654,2043,2,535,2043.03
1544,47,81380.0,Master,Divorced,0,0,17,111.35,0.9189,1893,51,555,1892.91
492,41,48432.0,PhD,YOLO,0,1,19,22.32,0.9194,424,3,620,424.1
4377,43,52914.0,Graduation,Married,0,1,15,38.33,0.8349,575,32,539,574.96
4541,59,38946.0,Graduation,Together,0,1,12,21.42,1.4458,257,84,249,257.04
1321,40,26067.0,Graduation,Married,1,0,9,6.22,1.1345,56,49,238,55.98
8858,42,44325.0,PhD,Married,0,1,21,25.81,1.3125,542,69,480,542.01
3266,50,42523.0,Graduation,Married,0,0,7,17.86,3.0882,125,96,68,125.02
11187,36,26487.0,Basic,Single,1,0,9,7.67,0.665,69,23,406,69.03
8207,57,53233.0,2n Cycle,Married,0,1,5,8.0,1.4423,40,18,104,40.0
9723,54,67716.0,Graduation,Married,0,1,28,36.29,1.5672,1016,8,536,1016.14
2666,42,76234.0,Master,Married,0,1,23,39.43,4.7917,907,21,144,906.9
5721,58,84117.0,PhD,Married,0,0,24,65.25,14.4,1566,60,50,1566.0
10652,57,65487.0,Master,Together,0,0,17,68.76,2.9825,1169,48,171,1168.94
1646,42,25224.0,Basic,Married,1,0,7,6.57,1.9811,46,36,106,45.99
4418,31,89616.0,Master,Single,0,0,25,65.76,1.5306,1644,36,490,1643.99
2656,43,40851.0,Graduation,Divorced,1,1,5,11.8,0.3036,59,63,494,58.99
7990,67,27469.0,Graduation,Married,0,0,4,4.25,0.1722,17,2,697,17.0
8722,57,82347.0,2n Cycle,Married,0,0,25,74.12,1.2479,1853,38,601,1852.97
7118,57,73803.0,Graduation,Married,0,1,22,69.45,0.9456,1528,61,698,1527.97
2980,62,8820.0,Master,Single,1,1,10,3.5,0.6452,35,52,465,35.0
1839,40,43322.0,Graduation,Single,0,0,8,17.62,3.4286,141,25,70,140.96
10722,41,55593.0,Graduation,Together,0,1,17,32.12,1.6294,546,63,313,546.04
2632,60,50501.0,Graduation,Married,1,1,20,25.0,1.5915,500,10,377,500.0
9014,39,37085.0,Graduation,Married,1,1,10,6.1,75.0,61,65,4,61.0
7620,24,16185.0,Basic,Single,1,0,8,13.25,0.7295,106,71,329,106.0
10968,45,57731.0,Graduation,Single,0,1,26,27.08,1.3356,704,0,584,704.07
11133,41,48432.0,PhD,YOLO,0,1,19,22.32,0.9194,424,3,620,424.1
2736,36,73807.0,Graduation,Married,0,1,23,36.91,1.2684,849,88,544,848.94
1876,24,18929.0,Graduation,Married,0,0,6,14.17,0.3607,85,15,499,85.01
5959,46,35893.0,Graduation,Single,1,1,15,13.27,0.7223,199,80,623,199.05
1092,34,61014.0,Graduation,Married,0,1,20,57.35,0.8721,1147,17,688,1147.01
4333,60,32144.0,Graduation,Together,1,1,10,5.4,3.0303,54,76,99,54.0
3850,51,14918.0,Basic,Together,0,1,5,8.6,0.2632,43,52,570,43.01
6168,51,45146.0,Graduation,Divorced,1,1,6,8.83,0.5143,53,28,350,52.98
607,59,41769.0,2n Cycle,Divorced,0,1,22,23.68,1.3147,521,31,502,520.94
10469,33,88325.0,Graduation,Together,0,0,18,90.17,3.7241,1623,42,145,1623.04
6983,64,38054.0,Master,Divorced,1,1,7,6.43,3.5,45,24,60,45.01
3661,19,80617.0,2n Cycle,Single,0,0,19,75.53,0.9105,1435,42,626,1435.0
9303,38,5305.0,Graduation,Married,0,1,1,32.0,0.0896,32,12,335,32.02
692,60,36807.0,Graduation,Together,1,1,4,4.0,0.2154,16,88,557,16.0
736,31,28427.0,Graduation,Together,1,0,7,7.43,0.4506,52,67,466,52.0
9589,66,82032.0,PhD,Widow,0,0,17,72.59,5.9302,1234,54,86,1234.02
4838,36,22775.0,Graduation,Together,1,0,4,3.75,0.3191,15,40,376,15.0
9246,29,40101.0,Master,Together,1,0,17,24.41,0.8173,415,73,624,414.97
6261,35,58025.0,Graduation,Married,0,1,18,26.11,2.5,470,81,216,469.98
7366,32,75777.0,Master,Single,0,0,21,68.48,1.7452,1438,12,361,1438.12
10659,35,7500.0,2n Cycle,Together,1,0,11,4.82,0.7876,53,7,419,53.02
1448,51,33562.0,Master,Married,1,2,9,5.67,54.0,51,33,5,51.03
4286,44,57642.0,PhD,Single,0,1,22,30.86,3.8372,679,24,172,678.92
4749,46,58554.0,Graduation,Together,1,1,22,26.64,1.028,586,55,642,586.06
4478,35,63777.0,Graduation,Married,1,1,26,25.12,1.6847,653,87,463,653.13
4201,52,57967.0,Graduation,Single,0,1,19,24.63,1.1777,468,39,484,467.98
8720,36,,2n Cycle,Together,0,0,1,1679.0,0.0437,1679,53,687,1680.23
10084,42,24434.0,Graduation,Married,2,0,7,7.14,4.8837,50,9,43,49.98
7004,30,11012.0,Graduation,Single,1,0,9,9.33,0.5732,84,82,471,83.96
9817,44,44802.0,Master,Single,0,0,27,38.85,1.1947,1049,71,678,1048.96
8080,28,26816.0,Graduation,Single,0,0,4,5.5,0.176,22,50,682,22.01
9432,37,666666.0,Graduation,Together,1,0,11,5.64,0.8397,62,23,393,62.04
8372,40,34421.0,Graduation,Married,1,0,4,7.5,0.3297,30,81,364,30.0
10870,47,61223.0,Graduation,Married,0,1,18,74.5,1.4136,1341,46,382,1340.99
4001,68,64014.0,PhD,Together,2,1,22,20.18,33.0,444,56,20,443.96
7270,33,56981.0,Graduation,Divorced,0,0,19,65.32,3.6538,1241,91,156,1241.06
8235,58,69245.0,Master,Together,0,1,23,36.65,4.3949,843,8,157,842.95
9405,60,52869.0,PhD,Married,1,1,11,15.64,0.5297,172,40,623,172.04
